Date,Asset_0,Asset_1,Asset_2,Asset_3,Asset_4
2020-01-01,100.0,100.0,100.0,100.0,100.0
2020-01-02,101.79895956590208,100.08079072911488,102.60803129509608,105.93909006742643,100.8747126854088
2020-01-03,101.46235361492334,102.28072573542326,104.16354322927783,105.93315899055128,102.1617119898272
2020-01-04,100.61658720720858,100.69813231813377,99.89957258509557,106.0131069838311,102.24705259514371
2020-01-05,98.36243636184984,98.73868492236801,97.01312401507775,106.72593147121712,100.90355533820386
2020-01-06,106.98800883405583,102.53002229826318,100.15948907739632,108.17659302915796,101.79146101683102
2020-01-07,108.54104089175298,101.49420011094959,100.04318296994266,107.46173289521026,101.73457108012715
2020-01-08,109.9105147236863,100.12645608375297,100.32149806676577,104.66343699163411,99.54547398384045
2020-01-09,110.25760050214782,100.54931849391315,101.74447159196538,103.65409675086583,97.62795564112086
2020-01-10,108.40086867884337,103.88776329195996,103.34657588758334,98.20472208520606,98.35044241364169
2020-01-11,107.79808224802584,102.7287593675847,103.83844811343722,99.38317722469182,99.60061879122627
2020-01-12,107.48511577322972,101.74182438740941,101.39740149965067,100.21255089138386,98.93020749467618
2020-01-13,106.8468638556282,102.76226870637345,103.43739236837813,100.57316399560041,100.72439808059073
2020-01-14,108.43935573858354,104.41578184699699,106.3773547404973,102.16812739455087,106.67303981261549
2020-01-15,106.97393657272016,104.13463577685297,105.54900667706009,101.84375123661623,103.40887717432437
2020-01-16,106.1410611031521,101.70606171923134,103.65260169340337,101.94247273006309,102.33273023027886
2020-01-17,105.48470252529717,102.86984672019044,104.2637695198795,101.42541983134721,103.14925722348386
2020-01-18,107.69938508680974,103.78795797956143,104.54010992850212,102.99444294049701,103.57651235246033
2020-01-19,107.12822578218372,104.07709760218935,104.8706896625161,103.02267016576444,103.27112101359553
2020-01-20,106.5158437840492,103.48377517611122,105.26696562963991,102.6500724471497,103.39427877686481
2020-01-21,103.3538996638087,102.94550111856333,104.31479392202716,99.1704959887037,102.08481185215497
2020-01-22,103.53339661332005,102.37781647419548,103.2824566822913,98.92931683085959,102.49104827078676
2020-01-23,103.15253381410923,102.22821648070996,101.50579967055121,100.07337516095645,103.36500795076199
2020-01-24,101.9396922453435,103.9181435440227,103.63160476595186,102.49103152347614,102.94663813738848
2020-01-25,102.07775330121605,102.51158983290193,102.53795698759582,102.20033564737798,101.8421097395087
2020-01-26,102.11217616867488,102.00139394405646,103.36891538122674,100.57860779727913,102.38646279325131
2020-01-27,100.74087352610977,100.47035710529661,102.23946781757034,100.959753555613,100.13766333929908
2020-01-28,102.84365364548366,104.85026890230063,103.28808164389612,102.0825187346,99.53699797882479
2020-01-29,104.71797855502413,106.22506548122111,104.47404267727916,103.2614665434606,100.86731617422149
2020-01-30,105.09504614863356,107.65201496096462,105.15014914825262,102.01252075665383,102.49582076080894
2020-01-31,107.22631851587946,106.81732270707025,106.62225644900539,104.16119318098917,102.1293587714667
2020-02-01,107.93282260841573,108.49330929289228,105.8928944350482,104.67762089230426,100.5853733904918
2020-02-02,106.71186048778551,108.01955084208191,106.02239606275276,104.79775344336193,101.50802997587188
2020-02-03,116.5513227099671,111.25119181645138,104.47037758319405,106.74109749553595,100.63129336410213
2020-02-04,118.29593567316586,111.56548441452213,105.99571202930841,106.73386656534534,102.21719663216076
2020-02-05,117.52977315164783,112.7368893729461,106.42047937562437,105.09654010863588,102.34261221872026
2020-02-06,118.23467855207362,113.32902986875833,105.51275804187198,106.68978463924205,102.70778129452287
2020-02-07,120.1952158051291,115.63608174844492,104.39734650574458,105.85357900324766,103.72830678281174
2020-02-08,121.1493411100876,115.96663409369357,105.94656473449425,108.48167115227035,104.5687455606734
2020-02-09,122.92003660666127,117.57969221363098,106.18569222971517,110.25344792529563,104.25793862689194
2020-02-10,122.50866423957521,117.41133987609471,105.29319287305535,107.33235040924842,104.10904482488601
2020-02-11,121.66882177578407,119.02596838955891,105.56383714261668,105.95673626106425,103.05798761259065
2020-02-12,122.9400384480506,123.56715911140014,109.5223327002726,109.68761245869123,106.20670646664824
2020-02-13,114.10151464661186,121.64569342270171,104.86895184545766,110.0973319891686,101.35031861839848
2020-02-14,113.92809284794915,122.48912624103417,106.28418405096808,108.69664425685959,100.99643326707083
2020-02-15,114.49532476040102,119.89096561513654,107.29533041439475,110.46010295798922,101.66561633710297
2020-02-16,119.19544461818782,117.17366660973067,106.56880606165144,113.8307901036752,100.75827225859337
2020-02-17,120.01561136548182,118.74028850358043,105.70375527834479,114.00408731715379,96.65614299522744
2020-02-18,116.63120694120552,111.60706233804115,100.07449050341188,115.42727065996795,97.88092579847284
2020-02-19,116.7569603868819,115.4739906386406,101.47067465183135,117.9612251510483,98.71687369401535
2020-02-20,116.88703572282708,115.71655155329876,102.49740413117577,120.85888588534455,97.66489003535922
2020-02-21,118.12113780455958,116.21594421907587,103.49045032361725,121.24482861415258,97.45696773645301
2020-02-22,118.51323751982497,115.3707630189808,104.636902763531,122.00967803941694,96.75969179998442
2020-02-23,119.18237369887115,116.54740572145809,104.11308529824478,123.74160639125085,97.87384546377652
2020-02-24,117.94317641489792,116.16405366755723,103.96419961180149,125.57592165343944,97.09512609593912
2020-02-25,120.74680702332765,116.26850525261261,103.9701452942985,126.61615770337353,97.62091939576098
2020-02-26,122.4692356105938,117.92508444232166,104.211769069315,127.92248872526484,98.08803712928983
2020-02-27,126.05831598633736,120.79530304949209,102.90410978785506,128.11895776954265,100.3653597422007
2020-02-28,121.52934694532104,121.70063765454142,104.0753175628118,127.65930441290533,97.58054713998197
2020-02-29,123.34466217944623,122.00329118855825,103.30894861689455,127.34720178651673,98.24928856509293
2020-03-01,121.72706778659693,120.34966659613802,103.14476542008282,128.225541448148,99.76835895744215
2020-03-02,123.8779373231624,120.17693212669101,102.58623643770399,130.90551407815016,97.54978290183186
2020-03-03,128.71757332277545,121.53007793957373,101.45787807245217,131.81043557219945,97.63993493967327
2020-03-04,129.36804815913825,120.29861383413174,102.083912393986,134.6397706918295,97.84689712647838
2020-03-05,130.17596399146268,119.9498701060036,102.82635910974639,135.04723585406484,99.37546072584307
2020-03-06,130.39290595798101,118.70630102120604,102.66486778045139,135.71894674035755,101.26373408271151
2020-03-07,132.30916038813768,121.30959291240177,106.19061256737987,137.31679656791675,103.94841990874204
2020-03-08,130.6792020541095,119.84393882594881,102.52503346468066,134.82773653547792,101.63677116615213
2020-03-09,131.00053241187626,116.71068244095108,102.4848043570788,135.27621670976032,102.64254851097215
2020-03-10,128.45747160717298,119.12382853183468,104.21356756596997,134.8668369790278,100.53341704987147
2020-03-11,131.1190874705571,120.34950381916791,105.37501415115854,131.4571705777875,99.57923506028409
2020-03-12,131.15562961597985,120.4573667599093,104.75644467048606,132.47619573348368,98.2077248520088
2020-03-13,130.9019982322171,118.06931926648163,105.01820706687965,133.93352222636042,100.14589023857575
2020-03-14,131.582449602287,117.00973736938663,107.22764009969853,134.58536887759098,102.11265546864507
2020-03-15,131.90970031339089,121.05790727486554,108.71161934035413,131.66180269731532,101.73997293130893
2020-03-16,134.91612344937948,123.43696050858402,109.12133133882219,132.18764283086713,100.18054780817248
2020-03-17,137.89856235102053,123.78858402815246,110.85915871584203,135.9723665099312,101.3826382097209
2020-03-18,139.97188347173937,124.95130851734709,111.47101517578625,138.24311168461227,101.74729036342777
2020-03-19,134.4198076042513,117.6523988415312,108.70319172497275,131.1646720692438,100.39711314560631
2020-03-20,135.18804956750165,116.29561727052123,107.79300574853609,128.94326278280073,99.82358100099124
2020-03-21,138.39139100509297,115.92490199126303,107.15271631797134,126.98396951958489,98.60074036005274
2020-03-22,135.47329072782148,114.88694121102246,106.5026018152842,122.25457726949188,97.32314116343224
2020-03-23,135.5860529297517,113.78670582651125,106.61536838240329,121.90072968562296,96.87755127911436
2020-03-24,134.1234082382656,114.37745857225171,105.67915794080919,119.55580668826478,99.50703745232889
2020-03-25,133.52643445838083,116.96137448582022,105.76016976636086,120.93481566341518,100.40982603185839
2020-03-26,131.61953379213702,116.60659819709475,107.60603323929938,116.94672895638013,98.79775130520818
2020-03-27,129.87173540833513,115.08644640440414,105.3631533120312,118.62447834500746,99.463931875915
2020-03-28,128.20591738850524,114.65223562584129,108.49745161866151,120.57742195381174,99.33436554550137
2020-03-29,131.3109630010707,114.05643637863514,106.9008690271792,122.21433449105965,102.21669102035733
2020-03-30,131.3917919041716,114.30158924767025,106.44358096028469,121.79221022926946,101.51384275817523
2020-03-31,130.1898466041869,113.04058232882203,104.69095784756243,121.04366957456308,99.70839596008233
2020-04-01,130.98038022340367,113.12439587160408,105.21361892462235,121.77658798871067,99.02365339211521
2020-04-02,129.9641753392199,113.03672941688616,106.12159974298568,119.03890306481566,99.40322553876194
2020-04-03,128.89401572054584,111.16703874367609,105.93558973663824,114.09668299507614,97.72461211310414
2020-04-04,128.3280321860652,112.05517406854577,103.60925061132531,113.60567864611187,95.79856771545174
2020-04-05,128.06801193517495,111.35157200657636,102.55831204651687,114.40505021891227,97.07115509789786
2020-04-06,129.58487064972965,107.87767046449665,100.97240194453589,114.55644395383287,96.29138033552447
2020-04-07,129.94119182857182,108.11990378419078,101.78891133210844,117.35581836417374,96.708896149106
2020-04-08,130.18908835417415,107.44460513669463,101.08688378779705,117.75161581018074,96.047654832611
2020-04-09,125.97283912112677,106.95426834463359,99.85041582562366,118.18916980952848,95.03663374747296
2020-04-10,128.48113801442744,104.7615435970783,99.35073319518622,118.09600832518676,97.11550302914063
2020-04-11,128.04662145111513,105.90985753320057,100.77828767816565,118.74483686173797,96.38301051967376
2020-04-12,128.62465945996607,103.84738262890995,102.04930358899573,119.24746013458974,95.87519429430297
2020-04-13,130.52794956312758,104.4431731654387,101.84863417059009,120.33369735541206,94.89072458908984
2020-04-14,128.96387870846155,104.1873444099961,100.84626058168901,120.5822463426302,94.99070289274415
2020-04-15,131.50396188899208,104.1487011343255,100.70239598606732,120.0827994484007,96.44850652974638
2020-04-16,133.46514282466592,105.24769598652283,103.98495000391739,120.11442904765761,95.71506698124554
2020-04-17,133.83386995858845,106.61672924843701,103.0866480920467,116.51888431022799,95.60211978483524
2020-04-18,139.27533874617848,108.0832589232829,105.438931067839,118.9833484001682,97.37884849455993
2020-04-19,139.82707591270443,106.47594566507064,103.23600641442877,121.37055713968046,97.4390662514838
2020-04-20,140.06518462901914,105.04713816815703,102.78598751144945,121.10581876314608,98.61054682984661
2020-04-21,138.8628306930504,104.59062798628202,104.02939264186497,120.13346548002856,99.6174942140598
2020-04-22,134.1388631771945,101.63139230234138,100.69935354571771,117.46347345548556,100.00978971719924
2020-04-23,131.91981430561057,100.92276309456358,100.15211957095156,114.74508186541728,100.27427071938898
2020-04-24,131.17156473087175,107.64605200224524,105.58663301032063,116.11167351584663,98.51116809166835
2020-04-25,136.3611005066843,109.01396896393273,106.87943053577304,117.47605488855731,99.96347494104148
2020-04-26,136.09335875402647,113.04655411102964,106.09382487484038,120.34601806005182,97.22586720073906
2020-04-27,138.68877438455812,110.38108384540786,105.47917048198045,119.50491784585188,95.1346630729034
2020-04-28,137.10747937385526,109.44917347587968,104.90439727895246,119.73941428247412,93.80612283189429
2020-04-29,139.7472060467288,107.0353439641675,103.51136201049172,120.77863736842461,91.03808001967901
2020-04-30,141.27807280168722,108.4989807624185,104.75486004076232,121.01793939973915,93.04380273568366
2020-05-01,139.92010708023514,106.75863343906958,101.75032879545967,122.71452603239801,90.91304044960485
2020-05-02,138.24493661291532,104.0449696271933,101.73241002029181,119.73945290638416,92.18564802612916
2020-05-03,131.9874958931147,101.21796687337779,102.4462879332512,118.16925308143111,90.30712098763637
2020-05-04,134.70643473397473,105.04333618337512,104.80195198818856,118.9530393675673,91.04496886385989
2020-05-05,134.7706388576484,105.59695340041301,104.16624140523136,117.69615905414558,91.13476246892724
2020-05-06,131.5980362959965,109.90299128321371,106.29049539007636,117.27295923239475,92.6870918387997
2020-05-07,134.86308770737188,113.24604327037649,106.15274099621321,119.28802692827033,93.52736291300867
2020-05-08,138.3664946307941,112.01056138149696,106.60575579203817,121.51867056164784,92.16959531083357
2020-05-09,137.13051766676182,109.49876792141774,104.4895108178453,118.15241792789416,89.83063560937642
2020-05-10,139.34289737678844,113.36768659684178,105.28390135756686,119.61737567852492,91.06456199808284
2020-05-11,138.17254297302628,113.2946422793057,108.88766471578667,120.02260704726132,92.90497932422888
2020-05-12,136.7501542388514,113.25036745744703,108.12459528485954,122.9092029561898,92.94047030506745
2020-05-13,138.23731031354012,112.72345362790368,109.24758332672468,124.95141431790184,94.22023114234841
2020-05-14,135.04640733769344,109.85846217830992,107.68864053459615,125.29496813548634,93.47889277677781
2020-05-15,136.21238664946887,111.87440670137136,109.63345678256972,127.15607959980119,94.27768652880751
2020-05-16,132.8872361555401,112.37194641632234,109.33696386731643,127.39612518856069,93.70079639864848
2020-05-17,132.74860425456296,114.6728491708791,109.9257681012989,128.1054348638736,96.68926174746946
2020-05-18,131.75135540250392,113.72051761102904,109.06497340423428,127.93565814720627,95.69372764539558
2020-05-19,131.26275349737486,113.82938721770728,109.63526269126102,124.67188453087218,94.51402779184235
2020-05-20,133.3602689142633,114.82599853999238,111.6448726873009,125.82736768322596,96.68079710067605
2020-05-21,135.85685832679766,114.3590328096378,111.23798189141343,121.88134475975076,97.57173465301906
2020-05-22,136.52527312766864,113.815709165702,113.52788033728405,125.03397705151703,97.59958164668997
2020-05-23,135.93873975575937,112.3830544550529,111.52305339875652,122.45917406092968,94.25983442826477
2020-05-24,133.52562457576474,113.38222575293481,110.97101441664746,122.06572877553735,94.87116361433061
2020-05-25,135.9109575651049,116.67743805937486,109.75116995663191,123.01148862489784,94.85952555999977
2020-05-26,134.72236180812826,115.33000175833868,111.07107969724501,125.23707970667265,94.27923997521242
2020-05-27,135.44563748153527,114.9107520699394,110.0411812481061,123.8718800972803,97.05117908281619
2020-05-28,137.391969912921,114.41218473042646,109.711428229884,124.52941570256941,97.68588279676761
2020-05-29,135.6773428715383,114.16887885726966,106.72197607429875,121.44971969153002,97.82057550543846
2020-05-30,133.78303302787972,112.865192859686,106.43724768182852,120.79231619067362,98.88375051207072
2020-05-31,136.25167844927805,114.0605444403596,109.15251330740591,120.15810840199744,97.4730864321964
2020-06-01,137.2277536139834,115.29137267419826,111.3205977971719,122.38300202359073,99.02027452667909
2020-06-02,139.34735782289485,118.40583614928221,111.40495802227272,124.19203241286728,99.43088004189622
2020-06-03,136.2955606276041,118.75257282018892,109.84360879384097,123.51577373141646,101.92769488358938
2020-06-04,136.71415053092903,118.95752766138617,107.91434461558225,124.49155920242546,102.74552633953239
2020-06-05,141.25137075572218,120.60439057894266,108.47984249177406,126.64184447911849,103.94186896886602
2020-06-06,143.98760748998717,121.99393901332762,107.85645756665936,127.95032127354195,107.73188006468861
2020-06-07,141.81586734151026,123.5507585253649,105.54326493673211,126.4123015096629,107.67130947481479
2020-06-08,141.56570154318823,119.95779436088058,105.86915943860112,127.62812428229422,104.92497189847103
2020-06-09,140.73328988652358,117.30659658562251,102.0210953323436,126.847756683,103.05522313860659
2020-06-10,143.15018671439964,120.15613442300933,102.68426258307795,126.00191848995638,103.56879634144951
2020-06-11,144.545357120239,117.9207568861425,101.49786842009267,125.44654368546458,103.50602500306236
2020-06-12,143.04085223820334,116.44736995959941,101.07497154157595,124.42805994095954,104.26708248842111
2020-06-13,142.3353128427409,116.86274270399197,101.6982574111655,125.52444379394119,105.13158553476886
2020-06-14,140.3613403946967,116.93003908641815,103.17435917799341,126.40610071492534,103.81739000553021
2020-06-15,140.17139356837637,114.56691520249953,108.1704115644201,126.87827866602369,100.19291767679981
2020-06-16,141.97848994233627,113.95498551898692,107.6971999384562,123.72359947339748,99.24308846147542
2020-06-17,132.1407865736862,114.82474882382643,102.97218043079324,122.45779254185406,98.65298868457448
2020-06-18,131.21716649798972,113.39789297676597,108.97786613440849,123.25535165297599,100.6372325258575
2020-06-19,138.06820493398433,112.4518250718864,110.17373718699329,123.64079725702145,101.32353300135027
2020-06-20,138.50119531017404,110.87450195667479,111.43005209700699,124.71820789477668,100.80144351905251
2020-06-21,137.60733161532377,112.91327247966254,113.19239604600399,125.47474836520898,100.46175716012881
2020-06-22,138.4491559866865,114.24446311037019,112.75767919989418,127.70270351007905,101.127547500495
2020-06-23,141.5908521093495,120.4876054859664,113.0503106718697,134.49217371190505,103.66440563171514
2020-06-24,140.2421126975727,119.3298542042681,112.06102349828859,134.57765303570756,103.95621628180656
2020-06-25,139.0682479823328,124.20538011082057,112.7425980362507,133.8253591337111,105.5605499395773
2020-06-26,139.17537903177535,124.46506089712116,113.79705301774108,132.2794850839441,105.211163947269
2020-06-27,135.76237248785856,125.21910736440162,114.70290174905399,128.6984095902236,103.31879794355083
2020-06-28,136.2474712386295,127.26329339283528,117.97326995017463,129.05771328001146,105.68457697715061
2020-06-29,136.1960302223868,124.32744501010441,116.40995323245973,129.58623527576233,105.39844013190825
2020-06-30,139.27401894354998,127.67794656745572,116.7237513281873,131.56856544034062,107.2371422618358
2020-07-01,139.8476279819486,128.44712838351685,116.53526362228037,128.8485158165894,106.96257845617275
2020-07-02,141.50413496235132,123.77061389481979,117.73713945072238,125.47550715647434,105.75162734490651
2020-07-03,139.17524446334804,124.60429528609852,115.46149777050965,126.70161321233931,104.42803036694266
2020-07-04,139.10514442668895,125.45635823425354,115.765986427838,124.71776919359367,105.73609282378911
2020-07-05,138.1063075494143,126.37094173729783,113.55770536677971,122.86358216787326,105.91683612318974
2020-07-06,137.4691058847634,130.02029789602625,114.80545803521366,124.40759070200593,108.2132159599179
2020-07-07,137.9899759909529,129.5786148327114,113.95041638740479,124.33528120578788,107.09111568355237
2020-07-08,139.54269976501706,129.8824305657757,114.44433908312638,121.3999124372698,108.32925614463436
2020-07-09,140.8882537095878,123.38359623652057,122.06002524889803,119.33002737100152,109.50441583164728
2020-07-10,138.94664779370208,124.02633910801066,122.29888176832885,118.13407414473622,110.81669738232507
2020-07-11,138.6330642951602,125.51258180772604,123.43373277231147,118.80773814564961,111.80542278790917
2020-07-12,140.67821235742133,126.63907664199705,123.3472205916225,119.43912895836982,112.61231044747046
2020-07-13,141.65769189126473,128.08604943557924,121.92670491910444,122.30187669680623,111.42417711153347
2020-07-14,143.83843140021327,128.22853640661216,122.9837177836134,125.32354421695828,113.1646941050102
2020-07-15,144.63653277402602,130.66467757288342,121.59403070553954,126.67082114183283,114.67776417859235
2020-07-16,147.4914595671192,130.9607733380898,122.42594538711639,125.5845180815065,113.08064816436465
2020-07-17,143.92814214271877,128.19019821478446,117.57241645118006,122.50459877706774,109.15424689943382
2020-07-18,144.32382636370414,127.03475202154098,119.20890777892967,125.28905906967171,106.3992072724268
2020-07-19,142.8813669297352,122.2200373581547,121.71073662776759,122.29958864384446,103.21676456057583
2020-07-20,147.98989126770576,124.82066733498814,124.48530752592342,125.10985023543999,104.5337479646164
2020-07-21,148.8925994729875,123.7240745094062,123.93467497313492,122.09279690986374,103.8833102914533
2020-07-22,151.1070835575503,123.19738632187689,120.98454903485575,122.45542606364627,105.85988358123575
2020-07-23,152.9001350128013,121.92525727614276,120.65918422720578,123.36133909966725,104.59287388758453
2020-07-24,157.22602087015406,123.35898649325202,122.05210197584486,122.97278132084688,107.40272827916851
2020-07-25,157.08031435648667,123.56315397908554,121.35799557441555,123.07451062344698,108.13072917181182
2020-07-26,156.44399770446535,124.14066901931714,122.23534400443646,121.0994553301344,109.68528016783847
2020-07-27,155.77062045908195,121.8100340925325,120.42649720995463,119.07064593495699,110.06586950675293
2020-07-28,160.11273153056678,121.38898139875454,121.51371037934216,118.54594688793487,113.94147602767194
2020-07-29,153.9006834079134,122.32653180461251,122.13403361517042,117.32387220906192,112.85886884086196
2020-07-30,156.17320318642794,126.83182340520128,122.63273731204654,116.34807851669139,113.56433043333071
2020-07-31,162.36734148091162,129.10194854928443,122.9304659940413,115.36653994310183,111.56367939959142
2020-08-01,163.79179104401334,132.51073825042093,123.28242754183583,115.87106127927136,111.43578639789882
2020-08-02,161.34980395637683,130.83069506060406,122.17132086130634,113.89517103107045,110.54717445911535
2020-08-03,161.94900344954698,128.11043585536083,122.25945263450981,114.85332223810188,107.4790725481533
2020-08-04,163.86660738360774,131.2459630614437,130.3783914069579,116.18603337996319,114.79091575578278
2020-08-05,161.48178362640445,131.87062944220634,128.44776758267514,115.78510316086958,116.75798775597858
2020-08-06,160.77255037100917,133.78800605302058,129.85603212386624,114.52702159492681,116.452678042629
2020-08-07,160.98087785835045,135.36125881294743,130.39621077730797,116.85016918734064,115.96844025765137
2020-08-08,161.99742102375714,136.10425179133995,130.26533964917263,119.15914619210501,119.28038334383373
2020-08-09,160.13073471931477,133.0913144286623,125.9991792221493,118.49620378431796,116.18075794961732
2020-08-10,155.07319243123433,133.42166003607622,125.20899885213905,118.11668626363058,115.47155178463626
2020-08-11,155.29470823037408,133.308727911804,126.8521453036999,117.95983654355658,116.1229250653366
2020-08-12,156.07710097415654,132.56311509775063,126.43198979888311,115.98425339655539,115.20037369405976
2020-08-13,156.1743231623459,132.5891438596526,128.39609957896675,117.10580617492674,115.6411123425639
2020-08-14,158.13345588696887,131.87154885100333,129.5707521537745,113.48280056856004,115.47064088045899
2020-08-15,156.72562279889715,131.18520984244645,129.26384265706056,113.96404656902031,115.1454076952901
2020-08-16,157.90509304880513,126.17513104070835,128.86826247690448,113.67856926801323,113.26296063931085
2020-08-17,161.6050568728128,129.30818939331877,129.92167568903787,117.25108054700974,115.06469364360613
2020-08-18,160.82215845053028,128.1006687898296,128.77057397475897,116.16883720461408,113.39829745764577
2020-08-19,159.9204487505652,128.21494774616215,128.93184219581443,116.10807086830246,114.00572380959541
2020-08-20,162.83480007573914,129.85439945746666,134.06923085887652,115.98097632360842,114.93359718402768
2020-08-21,159.56207156347875,128.66944534976776,131.02286347995053,112.06002160059796,114.20873359254904
2020-08-22,161.42172291526037,129.08036170354134,131.16582852111793,111.80341030670986,114.43872335421133
2020-08-23,160.13651506549328,129.51328041240924,128.3688010014248,111.54461038280037,113.90942597786578
2020-08-24,161.56637405667593,126.2851146848849,131.6215075206606,109.92757451335449,113.74957856461677
2020-08-25,161.18001600636808,129.3415908428504,129.7881639773195,107.68898922621992,115.80119887779487
2020-08-26,160.7068659421662,131.37562530481813,128.1663041936708,105.37040632701954,114.78185709145396
2020-08-27,171.5881142021011,131.67819942561346,132.94565708626777,108.35479440594281,121.44816116964577
2020-08-28,178.1127857175467,134.57583047150308,132.78481448699534,114.43276610542759,123.99471884844931
2020-08-29,177.17485990698967,134.7372378226303,130.2088774217976,112.43203265358342,125.21107658347678
2020-08-30,175.47274642252444,133.5012993147991,128.87232350628085,112.26116371145393,123.42910797194436
2020-08-31,178.1497440062078,132.68320604646757,126.62243433476122,114.41493648596685,123.10317261782907
2020-09-01,177.51621553108183,133.7828002177997,128.95328191808767,114.00482447486132,123.5531449715955
2020-09-02,175.84610100414847,135.20583284322225,129.10318332701422,114.48351509646672,126.26832697893317
2020-09-03,177.22617163747842,133.89653497985685,129.70716323058534,115.42832281871931,126.13774791788552
2020-09-04,174.50520771320646,129.59691294940933,132.0146458836394,113.06189482802975,124.75820371171676
2020-09-05,173.81688940042486,127.00179376596788,132.97380468725248,113.18297365471628,124.90283696235274
2020-09-06,173.41638625476125,127.44598454080915,132.56468533559553,115.66748232666836,126.13706362398818
2020-09-07,175.3736299738963,126.00672359798611,133.50637867849377,116.3463153327044,126.45323702989869
2020-09-08,176.46349815897483,125.08750596121459,132.50722213933977,117.10349029678842,128.55139331613736
2020-09-09,176.55511948829144,129.31173409210533,135.57190438937826,115.32848150300099,129.53955368365936
2020-09-10,180.11054614839145,131.35108494200568,141.06024643246312,118.87419009527368,131.29676277031479
2020-09-11,176.8684673675975,130.26534710824973,138.5658744878784,116.9687299078165,131.09668241983886
2020-09-12,181.275779628795,137.53738720716834,138.86035223025203,114.76231685603577,133.52494833724623
2020-09-13,185.31214541196294,135.62535065915276,137.0060204333189,113.94578144429114,131.80194302959066
2020-09-14,190.21331130608766,135.93124654139717,138.35250667022208,116.24674392828236,130.5032658898708
2020-09-15,185.292193110011,137.15584370232796,136.72279349897084,115.91122055344489,128.39808531268875
2020-09-16,183.7673007384206,137.19722254340473,139.44863852043642,119.4091445016253,132.90076458125532
2020-09-17,189.07046797771497,136.4776158216271,142.7535416973762,120.44982631751917,137.8311319924025
2020-09-18,192.30032118325929,135.92343856037576,145.09572979165318,122.25544934570469,133.70002961903532
2020-09-19,194.66348939142736,135.04916761052908,141.57695086718132,121.69847897561965,132.998862821557
2020-09-20,195.2576737161313,136.31196427816948,145.72537942624615,120.86097214583918,133.10169495958877
2020-09-21,196.06476425855536,135.77480364082953,147.9731454266434,124.38791346212838,136.86761590347942
2020-09-22,191.99756066357384,132.69368415903224,145.42430571850997,124.28166240192128,132.1148232869926
2020-09-23,192.52714225241337,131.93918947279724,142.14964287872476,124.56639122748811,130.69300249481537
2020-09-24,189.38196364688076,131.21022281991534,141.85028589763726,123.37496107385469,125.06380094438583
2020-09-25,188.96321636286456,130.01627225880213,142.42082372257516,121.54510685132291,125.14271104038032
2020-09-26,190.00580366300946,130.47594924748154,140.80615766739768,120.02779062807662,125.45724621445176
2020-09-27,188.79512775720517,133.67265137980115,138.29324627444052,125.00432805873149,125.35443566345782
2020-09-28,182.08959444228887,133.9323354745848,138.6351280767068,123.79594735048367,124.65825991332346
2020-09-29,183.5409734947543,134.0601914869867,137.77141614022855,125.37580142955099,123.42781369591928
2020-09-30,185.77790508298028,132.17348534571255,138.2848211719858,123.12029193312422,123.89379835666442
2020-10-01,185.71575006507317,130.658520425572,137.31756313002802,121.98190074150634,122.45372281273434
2020-10-02,186.99084062220047,135.7843256237858,134.5098340727502,122.78649800147201,124.65184471418402
2020-10-03,188.98284034907846,134.63194203646222,134.75022419995136,121.09745404001282,119.64984367502007
2020-10-04,187.75360956673828,138.30873392979063,138.77916979375277,120.52888524809258,119.3639673551025
2020-10-05,187.9990796739232,138.0206446590307,141.45111847378712,119.88973675322396,118.33352245667562
2020-10-06,191.34270258528656,137.25456954775916,139.03301831682037,119.93955458331945,117.67899879641408
2020-10-07,192.85474851299418,139.34811667012548,139.63686258970858,120.2693678695364,123.45862621682197
2020-10-08,195.92131773774244,141.04516327001147,143.13933645234673,120.5330774814436,121.50021114791284
2020-10-09,196.55119182576888,145.03691001540048,146.37102188110498,121.01505038575716,124.75572942322529
2020-10-10,193.02818150537806,144.515494383087,147.66225310387856,121.82176411988814,126.05304247146059
2020-10-11,191.83197546666906,143.57700322005755,146.41971944557713,119.77473017173564,126.02454414049107
2020-10-12,189.76430505181517,143.54875638693682,146.45309930653949,119.9378014923212,126.7350611509587
2020-10-13,189.8188052866071,141.41502522674358,146.84630834496264,119.37264211517908,128.1040050176146
2020-10-14,189.94999021645853,140.92487716938334,150.47771775190137,120.23632940329885,127.30635099123903
2020-10-15,191.69536344067802,141.6729845138307,153.79184239688198,119.41128460188972,129.89106914970765
2020-10-16,191.25860744629148,144.26680803140118,154.1766193448647,116.21815483584001,128.85131785265062
2020-10-17,194.1666490481703,146.69564864568486,156.5153094178091,116.87110086584028,129.2902222628471
2020-10-18,192.28451025506533,142.10056755152493,156.6949327987866,118.01032121453417,126.0624446103625
2020-10-19,195.94497763031643,143.75484403150836,157.76308314829944,117.38750252302911,127.26525921169382
2020-10-20,199.5278859198243,142.25759679491398,157.1765410529466,118.32957927549212,126.6405534378393
2020-10-21,203.81105748437847,143.65484339870008,166.22338983814316,117.35347248136743,126.13351944637084
2020-10-22,205.4293118732563,144.386789724083,167.55639191697864,118.61720217678057,127.86688889971126
2020-10-23,208.919182637701,145.70608036082135,170.11407886715554,117.97565176258298,128.85949737778705
2020-10-24,212.4599927606265,146.21099690697315,165.83674379630517,119.2449839833981,128.05191537653684
2020-10-25,212.2141066470772,145.7173426185384,166.65651251031173,118.55640168804992,129.25575011205768
2020-10-26,214.6218965532918,147.52515895422349,165.41666730028214,120.70569219593908,129.02611445769068
2020-10-27,217.28258170597599,148.81339420128745,164.7507836758079,119.60230557544642,129.35498184134858
2020-10-28,217.2627459962275,148.18589289905682,166.44799119507562,117.12799573507672,127.23562159189322
2020-10-29,213.85332617303382,148.41184913214943,168.00784218304926,118.48257159839815,127.74573996997329
2020-10-30,213.09011124730557,147.4129302308359,168.0203277732384,122.8813306034287,124.4713611143686
2020-10-31,213.89616104229285,149.67474110677256,169.958534866151,123.9170991494036,126.95142433251294
2020-11-01,208.20854184171463,147.03574125862147,171.7192381885522,122.5390783222751,127.56651818224556
2020-11-02,208.96992149025508,150.65326971720333,176.0427960921334,126.57684734519013,130.60699318272574
2020-11-03,206.0065275669714,150.09490785759152,174.70687012481497,121.90898291519504,130.06292880160865
2020-11-04,206.49123025901983,150.31554991091744,179.0559833775499,121.53149054176241,130.93695283553768
2020-11-05,205.1751721088027,145.38242715596584,176.89642926338493,117.00894398896718,129.89311766638778
2020-11-06,201.43428677354353,144.7730097083549,172.459612176309,115.48130009670453,127.35440593874294
2020-11-07,202.93087422876235,150.8979744813148,175.35195509176273,116.62965594422846,127.53941147454357
2020-11-08,202.3806695809708,150.10935772389752,173.11984962139806,117.90897074121494,127.38711733147021
2020-11-09,201.21293975322817,148.4763548907262,169.194789870886,114.10905792115895,127.37008923720624
2020-11-10,200.7060849751382,145.06525415205897,170.3191880118643,112.96148951188404,127.04416951017605
2020-11-11,201.18292907465306,143.91728650479718,168.44928303907523,113.14929368741099,125.33727609207588
2020-11-12,189.227978584151,140.5265868520351,161.03316565167245,110.06456101943002,122.49815587033581
2020-11-13,189.74524261734814,141.5537374302845,158.99092738191402,112.16092652210024,122.65592309450558
2020-11-14,189.83686317292856,142.01352090450482,160.83535235698332,113.08064817815624,124.18252589423452
2020-11-15,186.64514529474548,141.5324321308033,160.02502922628904,112.2333325458287,123.33351698010294
2020-11-16,181.486534281846,136.48619653698316,159.30050637021358,112.10696253078792,124.12612253136912
2020-11-17,179.77176066917414,139.61917563447764,157.16996165944556,113.52941038743286,126.06950620528251
2020-11-18,178.0080451752013,140.28231502011195,158.07312020870827,110.76190260736222,124.43027042509523
2020-11-19,181.56139310416788,137.81851554333102,160.45500070467097,112.85083983735683,123.31239501873681
2020-11-20,180.48210583458015,135.7057997228651,158.72788172976342,112.25676782751042,122.3264113820866
2020-11-21,179.0023825002381,134.98528532423134,154.5831890011159,110.20612590686422,122.8012550559338
2020-11-22,187.95429065193815,144.6361657876845,156.8256945343882,112.84075068236285,122.02177792235035
2020-11-23,187.70411597667314,145.44789666341975,154.61489317155431,112.08466387876564,118.78134669834708
2020-11-24,186.74462887880972,146.70052488462815,154.03713504939404,113.90110956853292,119.6824383259684
2020-11-25,182.51768360359532,142.65048747103586,153.38053479398408,109.63870280340296,118.23319815978407
2020-11-26,179.35062175628818,143.2248977023988,153.9904776915288,106.7897928775441,116.71608783680405
2020-11-27,176.02408780254086,140.69038668391826,152.84260727476348,106.63845187430678,117.40399881898195
2020-11-28,171.3057527196055,143.77198543521246,150.72331103381936,102.64511801775832,115.90053150388636
2020-11-29,172.8283287909,147.88716144377258,160.45882220150753,107.82504035059911,117.25673443335079
2020-11-30,169.58619139760108,143.89643027834393,159.30432304700844,107.14678777626081,118.97155146780007
2020-12-01,170.40569913936395,143.31942783778038,159.94921170696682,106.75129662938575,120.00492744624701
2020-12-02,169.49745372712357,142.85490812808752,157.06437567002396,106.20611829325226,120.04199557576409
2020-12-03,165.08201605863292,144.33078545239226,154.53702486724183,104.63360218483447,118.20374438560651
2020-12-04,168.55447458037995,151.01142201042106,156.33978495903247,107.92563185170025,119.7118428271222
2020-12-05,169.99908519218175,151.61395408037265,156.37864149683836,107.97011296710092,119.65464563157556
2020-12-06,172.94949358293238,152.12523768611138,159.35080922364207,112.30730970488442,121.47637519219757
2020-12-07,172.93554899454872,151.2993885683623,161.67560235090068,113.97335413603605,120.67440311743647
2020-12-08,174.02948871460754,154.1123357799275,161.41924709243446,113.08727719236346,119.8636244196551
2020-12-09,176.57074823328298,155.94644339766646,164.06845193630244,114.81192064873125,119.92693025704052
2020-12-10,177.75398260338298,157.84778685169871,167.53502397746564,116.6084030241299,121.72318773595798
2020-12-11,177.71882298580888,155.88102042219737,166.6824802968029,115.05117426445972,120.03292264628493
2020-12-12,177.3694552816555,156.04910291302977,166.35376081536916,115.04695847618036,120.97701779101942
2020-12-13,177.40814060847302,154.26692040930084,167.4697129406504,116.44171337425145,118.52742139915263
2020-12-14,175.42508498314928,155.7018199282647,165.9493520580649,115.96378056594365,119.37605357594985
2020-12-15,174.76537550398763,151.15095020603584,166.1551860952827,113.33878190426886,118.44674993364322
2020-12-16,175.52913087609727,149.53008552252854,166.70284682931154,113.29453502652441,120.00528454094434
2020-12-17,180.37043073669997,153.47352955676536,169.27512476557771,114.001099399215,122.77023504564178
2020-12-18,177.79114021147285,153.35146095877107,171.94864834391626,112.23330270924345,122.59380983792123
2020-12-19,177.75849814451715,149.5309612763388,169.31599032031468,110.76514227308448,120.70444242477635
2020-12-20,178.74711137851702,146.6936433630887,168.88775638156739,113.86673818800097,117.04991645045486
2020-12-21,176.4954809243877,148.53037207853873,168.2561476933974,112.58814091062544,117.9313998257409
2020-12-22,175.24277833193153,148.79203456124745,168.5197493144693,113.83484918632583,117.85568415706162
2020-12-23,175.1055794517805,153.0570653579715,173.355364231147,112.97085617845134,119.60441240401761
2020-12-24,173.00890088317422,152.71991447191695,173.28016822092837,111.7223689492762,118.61959242178972
2020-12-25,171.91005362715507,152.75482821179116,174.03898079956295,111.50425488196785,114.10913713068555
2020-12-26,171.9880085664256,151.5980384476311,170.84241298489636,110.2096900380877,113.22010561707611
2020-12-27,175.23914502882542,151.77669943066905,170.70210648351093,111.34676767328392,113.18647487458945
2020-12-28,180.89353892019705,154.72842007163263,170.18358508986014,110.00031775525137,115.10095929994708
2020-12-29,184.42217404347554,157.46423731670077,174.24421738981553,109.20013418232158,118.5312058107114
2020-12-30,182.36431926453423,156.22070814763083,174.95774648281738,108.09432249205254,117.80916739038788
2020-12-31,177.69146767762678,155.29484433615843,170.04334566067817,105.24195195240112,115.86632162841248
2021-01-01,170.82960388411178,158.88381624680787,171.27481480519674,105.03975430605155,115.25944707244544
2021-01-02,176.11465127346574,160.86236165911689,175.55169508549162,105.33968657332716,116.74587442864771
2021-01-03,183.63760404956292,165.75384917879308,181.1604597315265,106.47935240379054,117.23507639099412
2021-01-04,183.9551755387184,169.58042034554495,179.0928891534024,104.62891451237418,117.42218199440178
2021-01-05,184.1324677962235,171.28802576904977,181.26717397651993,101.87403745419917,115.88889255398949
2021-01-06,183.88427340539533,167.26331731239998,179.7978257814583,103.57640928185641,115.62497597328498
2021-01-07,184.55861775675524,166.97827278935188,178.2775770257934,102.52598345256207,114.40114691601673
2021-01-08,188.17865071399711,169.32351051344745,176.91617377255795,103.37828106916677,115.80167388202366
2021-01-09,191.46289248932314,167.402306037609,179.28157214581677,104.66969014644502,116.01769885056655
2021-01-10,194.35843057921613,167.99868450000608,179.27063880534908,105.26092315659972,115.16312459589258
2021-01-11,200.58680897552364,169.71165378354945,182.50242964359302,106.45775685992494,113.93742151815178
2021-01-12,199.67653920121717,168.0659553389052,181.1615573105602,109.40401965456628,108.51155893317066
2021-01-13,204.36349752115984,165.84961053363068,180.923638847663,108.94897063787852,109.46229583266579
2021-01-14,204.5514801577828,166.70830801562423,180.13138172470477,106.60879178405419,108.07389818417653
2021-01-15,205.0749453162846,167.8794949022998,180.59665904345658,105.9276274405461,108.8947155723844
2021-01-16,202.1789454249473,169.18765290846326,183.87757818957837,107.8866518691645,109.76112810750608
2021-01-17,198.60266782171735,167.5555267862572,182.73051827776297,105.39666185695053,109.67487163469379
2021-01-18,200.04648447890185,169.66841673061327,183.19330435088628,104.59150948577236,109.90739559634034
2021-01-19,198.63144324519692,168.46515148042621,180.97400152493657,105.14880991237789,109.28230560727164
2021-01-20,194.7057309119716,163.68423933457004,179.5864703226868,104.2651340963497,108.32329600024624
2021-01-21,196.46913030983043,162.55031197491914,181.68032233052568,101.76253811655535,109.46097474162109
2021-01-22,194.42648151280494,160.6839710035274,176.9787285781578,100.90042061720979,108.80677756428508
2021-01-23,193.91363886454795,160.8226836796912,178.37062754512016,103.79177376120901,107.11899213880085
2021-01-24,191.6242188744127,162.4850250513144,180.2695653939063,103.56373103737745,109.30504635255012
2021-01-25,190.500555532853,158.8875148805651,179.08646521370247,101.15072198844211,108.84240339690062
2021-01-26,189.49481025980785,159.66852981044212,179.11741693516362,102.14194771544425,110.89365661463164
2021-01-27,188.48712432850223,162.28001196624146,176.92935124635463,103.07853243605457,112.83986285483155
2021-01-28,189.2919702149152,168.67738986378612,175.21937872493987,98.04619240439516,115.17316145955662
2021-01-29,173.80576115374703,160.64341155278706,164.58534078742463,91.58176419159918,107.99909957841007
2021-01-30,177.0441194616938,163.46626754050365,165.39096357814697,93.73448113741777,107.54998344796984
2021-01-31,173.92509416521673,161.54264727421898,165.34258187568074,94.22260864314221,106.77575509542375
2021-02-01,177.81091161287767,158.68559778903048,164.14933941260892,94.47287839957666,109.4084612725255
2021-02-02,178.87141478212533,159.94591393299635,167.93826294615016,95.98316143125345,108.11106481619571
2021-02-03,181.53039320790492,162.53573927997266,169.23360005684086,95.43092841695963,105.34248507992346
2021-02-04,181.99494272359422,163.9322022137502,171.7964672792748,95.48854390648876,108.39224896953016
2021-02-05,185.02498352993865,166.9627014534137,172.18533703311667,97.05728327084027,108.52947138373516
2021-02-06,186.56714956026624,168.45849748344935,174.77472339284128,98.2658591176172,111.80296443100924
2021-02-07,171.58752014516025,163.89304767597048,172.90476113838716,94.42418484817814,106.56525747919092
2021-02-08,175.3808269981773,164.85252362721468,175.13792255212306,96.16565526718851,106.12243240773208
2021-02-09,176.73823676846453,165.37514344799106,175.61418973502927,95.55266503079571,107.25837254130701
2021-02-10,177.89337319177585,166.30061628352226,179.557595202489,94.87593082478857,107.321458368571
2021-02-11,176.65554833611245,163.93939045890247,180.43083088852413,94.08658929781596,108.4514407705822
2021-02-12,178.33376364627483,167.06433750800574,186.5932684235433,95.28449148987009,108.7999846599319
2021-02-13,172.1892756319263,158.1900187985291,174.15505626790033,95.77135028173113,104.1607954679117
2021-02-14,179.8108708561821,157.99498740686218,168.21087106970097,93.20630129686495,107.14221779437713
2021-02-15,180.27903669430123,159.27996541242334,171.28910250660638,95.59484943419893,107.54619684149333
2021-02-16,176.7639345212982,157.698592076135,168.8924452260966,94.16672131979043,104.18589513782804
2021-02-17,176.88628952463588,156.05051610838817,167.98878425131332,92.72782410292443,104.94580561976905
2021-02-18,179.69048339266448,154.34343926504226,164.34485615994785,91.39585854208778,103.49950524300873
2021-02-19,173.73615638674698,147.52451865094537,162.54338123105214,90.08512921422212,99.41181248609705
2021-02-20,174.2324137026086,146.52082823179808,161.7987393881046,92.03072291240663,101.44004834378293
2021-02-21,177.405627210845,149.4896212384033,159.7047574891261,93.65122893920267,103.03940387703364
2021-02-22,173.39824368690333,149.66563913204664,159.68058792361913,93.77670494571373,100.89069788405266
2021-02-23,171.19828561151317,152.7759777160149,160.0830632621576,93.63831895596964,100.5937198987988
2021-02-24,167.11281464413503,154.15446559945286,158.80042727664778,93.96250407074639,98.91626462232328
2021-02-25,164.99303404033262,153.27731748907038,158.84045488077473,93.89346822051057,96.51260579759237
2021-02-26,163.94289497382923,156.88424440887633,162.57441530250864,92.95318935788197,97.88617831123295
2021-02-27,164.86153034671594,158.45193351846834,161.59625631281605,92.02487104349991,100.16499297004779
2021-02-28,164.1521697352441,156.96104302727588,161.63895395360854,92.42971401460242,100.6679848383171
2021-03-01,157.85686654243221,156.01345727597473,165.99644260961094,93.73682116965239,100.99673099643128
2021-03-02,161.99537289085347,157.59795160787667,169.19458864279474,92.5187395689242,102.06790932573504
2021-03-03,162.76786609163736,159.4833080471106,169.31908245764475,94.69233745802717,100.8915925938165
2021-03-04,166.7820582349126,152.26966064097448,157.74018035438166,94.67435946183437,100.00582652328758
2021-03-05,165.62101792588973,148.16404510579702,155.0154948069847,93.77374290346654,100.11647508983228
2021-03-06,165.61306230373287,147.1407371076036,157.92525014020688,92.38520861571973,101.17672607651164
2021-03-07,167.00014546358108,145.35318765786755,158.09927618396634,92.55362801042267,100.22463589637314
2021-03-08,167.86236293408737,143.35498272032117,155.99636755948754,95.9729842963754,102.15974140518416
2021-03-09,170.558598604894,143.10301974435404,155.07520618496355,97.46109637376419,100.97511640609132
2021-03-10,167.13942346241112,141.78919165388388,152.22538011443967,96.82767396882429,104.2352037944054
2021-03-11,168.22349801670026,143.81685880044375,153.3422803202917,97.5648633263808,104.28000200331198
2021-03-12,172.32065495181496,145.8643370425705,152.73398093011662,98.95045561640585,103.7908235360335
2021-03-13,172.64519427737093,149.65694764080288,153.12438475935505,100.09932215109966,103.38896813453466
2021-03-14,171.93563528086287,154.77527720615055,155.119585625629,99.0248370065295,103.12528027232308
2021-03-15,172.26060130194386,155.8741227379588,150.99462561166447,100.62563369865154,104.98618058559431
2021-03-16,166.3757247063556,152.37374514128913,150.13466815483451,95.92832031388053,103.17466446967477
2021-03-17,167.78473445025725,157.71049679842338,152.17587755986995,95.74777539820573,103.60286693196109
2021-03-18,165.84276402737157,154.9588099448242,152.54533634568438,96.40099754806485,102.95678443202262
2021-03-19,159.32853273856554,153.69837132576183,150.77688362090507,94.34052631283366,104.47095759617267
2021-03-20,161.66809900060102,155.0148392490318,155.35705056364105,95.77776163179556,106.16545324700381
2021-03-21,156.71960044404835,153.18720638027878,153.33060938566425,96.65639008644605,105.86522696604953
2021-03-22,156.05274509895625,151.27111235446458,152.61691182934695,97.91879936823318,105.07942034495969
2021-03-23,154.87804430213194,154.8089244253476,155.17998543134559,98.63262464435685,106.25851649494096
2021-03-24,153.6138305284822,153.80025990557493,157.59620009349854,97.21093411489885,105.0533962710522
2021-03-25,152.21236414801524,152.9949329889515,155.77262518408713,93.87108741222771,105.32205994106239
2021-03-26,158.98653773898621,153.9812600489971,168.44758732520313,96.96696834815792,113.15646055424035
2021-03-27,162.3847442067105,155.90530871621047,171.5605788863984,98.7626896406517,112.67203609189794
2021-03-28,162.556858497851,159.14051889573625,174.12006974375632,98.84714125869698,112.61366732196517
2021-03-29,163.4599291185795,159.92563637502096,175.88052369773436,101.21294681889007,114.61751827433184
2021-03-30,164.25609214131677,157.83214892877567,176.53750956903002,103.6684276957401,114.63922141953013
2021-03-31,162.7429659443365,155.1622523968011,173.64509807219406,101.88583004423903,114.87551266204527
2021-04-01,162.39326074872778,153.08247931779505,176.73713144494815,102.64759786435512,116.66804644649673
2021-04-02,164.69907347467395,151.3548864576353,177.11061097609186,102.67597081327233,114.55031277705353
2021-04-03,167.48535633565203,153.4455659913706,176.0407700813783,103.8120524605139,113.09421059921402
2021-04-04,170.16416241689672,155.3891680021851,178.98671308455474,105.79508442526354,112.79527006229164
2021-04-05,173.90073659151955,157.21152825165223,176.50265584323543,106.32855638159539,112.83747312137976
2021-04-06,178.3639812585263,156.7864063299731,174.57322786219248,108.94403169104972,110.81132680124612
2021-04-07,178.73545019005581,159.53560261955153,173.4082203850174,109.76663587206828,111.65011322009825
2021-04-08,176.06557903570055,158.2853581305126,172.41772199046594,108.98754241904476,111.53121139124917
2021-04-09,185.1628419756089,154.3895818454161,177.40164650955606,114.90483132548813,115.7139427913562
2021-04-10,188.20030247114846,159.71733099911268,181.9202083810666,117.07803126476254,120.07492713782821
2021-04-11,193.2584606768658,160.20810787002006,187.21757696311963,117.05750410258678,123.72480422620528
2021-04-12,195.3480993002062,161.11484777678578,187.40810010646933,118.35437828674064,121.84632987794272
2021-04-13,195.80135124452045,162.69921054843698,190.2833544733865,118.01290545519954,122.53070678504417
2021-04-14,199.36620443097127,166.36990421000385,193.5831801621622,119.04221475858714,123.83021730326567
2021-04-15,195.62347438191068,167.86184388026203,196.79822200559065,117.99242791463529,122.98357490919551
2021-04-16,192.1548888482417,167.88154314711872,194.93147368076902,120.35889208123933,124.43868139204743
2021-04-17,193.5637966560638,172.05752486064839,198.7408032425199,122.22268465431114,126.55263260454441
2021-04-18,190.77662460714114,179.00815457962875,196.86962090496638,122.06944719132582,124.04657272010165
2021-04-19,193.80404678519506,188.78473769786254,208.65390728662277,123.50087974175317,126.30696408173601
2021-04-20,194.41070458415396,186.94878447663254,205.1023700616773,124.01302704606184,126.99953332849836
2021-04-21,190.19137408963536,187.161605081854,204.5324418419061,127.22818551993235,126.67152299680612
2021-04-22,191.2108608145156,188.31759700079584,203.204396524849,127.04928133493304,125.62848865362942
2021-04-23,189.2376770662085,186.4438297952586,201.472384741579,125.93099920039866,124.48399666902505
2021-04-24,184.50389541697092,183.83664840786875,197.97358980612654,126.41019028336872,121.77253417970722
2021-04-25,182.44573399925594,181.23677085551927,193.31481770012763,124.47970827952054,120.84013284725151
2021-04-26,181.44665766965826,181.8256995331613,195.62074836986756,124.0682863846041,117.87611208968174
2021-04-27,181.0747899470806,180.80644450086197,196.11615338313314,124.27157237758857,122.18324851792305
2021-04-28,177.2771746499726,181.7058130302781,193.1140198609184,123.50520324193732,118.41007543617987
2021-04-29,176.26833033533285,181.11750964649812,191.03837507136467,126.02078830968217,117.91377117611327
2021-04-30,179.31598735464613,183.86155361962156,191.37640808673066,128.24221048777656,120.86494400689182
2021-05-01,179.7203208490867,183.27874297254323,193.62126906621475,128.42603620011474,118.82990011938722
2021-05-02,171.01145347980702,176.8368973300421,188.74229367600583,127.58707306544838,116.22424370147549
2021-05-03,173.7725062618001,181.73258240993457,189.9334112612306,128.3628523652902,116.78530634292163
2021-05-04,174.49154081078714,178.74417764898584,188.4849523508649,132.67386197042762,115.09954646089828
2021-05-05,176.26474797672572,183.14211724817295,186.9440875920988,133.73500463005925,114.02854136892775
2021-05-06,173.9133801823069,180.5742110286144,186.92607196426908,132.27433691609042,113.92723748561527
2021-05-07,173.45093091278656,177.62480166434165,186.69506542201995,133.99512110609714,113.01586049080632
2021-05-08,173.78820352886868,175.61718174777437,187.35408621922952,134.71873692702425,113.81141533329824
2021-05-09,167.8826815124716,176.2556975145717,184.16051251660903,129.93878013453545,109.1721018664181
2021-05-10,170.61314204752028,183.43181550891595,183.31841488376983,132.85389198829793,104.4439008684408
2021-05-11,169.15735906131155,180.550711580317,180.62155639705065,132.4201071956347,103.49101536563951
2021-05-12,173.2775579372685,181.3496461979283,181.71893123175462,131.09746104947578,106.65660604433276
2021-05-13,167.21420160689507,177.15879649686983,185.28588513792062,128.9772541668084,106.66388584490772
2021-05-14,167.79246579711977,169.2586703393544,186.54898946980893,128.71655618822246,107.16687322257143
2021-05-15,188.23924539202093,165.3294473168705,199.68041794046263,131.6239185352643,111.13414335431497
2021-05-16,186.6744595413861,165.71854792854063,195.25738205928167,132.2873976876936,110.11237924218972
2021-05-17,183.57351273819867,168.3179758983343,193.56057179127896,132.64151380924238,109.33378854221645
2021-05-18,185.50796473991736,173.3983581089805,194.90947381569333,135.0608395031972,110.62039166544137
2021-05-19,189.18699064646412,172.70200960524878,192.38015327543025,136.07460032547863,111.09732446710747
2021-05-20,193.75755583293105,176.43808807003757,196.78860528274856,136.97492495825983,111.07868594154154
2021-05-21,199.26727369452882,182.92541561326377,205.43476122267194,135.7831467116322,109.10214975075398
2021-05-22,196.87014605170822,179.0529598880627,202.54936008118537,132.4786815752787,106.28802741545509
2021-05-23,197.7928423034046,179.5481936517337,194.6421146677173,131.35208905264824,103.31124171144837
2021-05-24,201.55497511582277,183.79684100587292,200.17007813319995,133.56288022194488,105.9602940853911
2021-05-25,203.72017842178002,186.09722218784913,198.15580198154876,130.8104202923012,103.64008732884446
2021-05-26,207.26158270275516,184.14978520989587,196.2189647953593,129.6619714196825,102.71634871453283
2021-05-27,204.04352223954157,183.91546876446213,200.19244952666435,129.63820586588577,100.23505985617567
2021-05-28,199.93825418742654,188.09646307108736,202.87148343913105,130.2138017116258,102.28835917918863
2021-05-29,197.45561998557724,192.61021789032728,205.72603067258007,130.4545073691615,103.93266924668771
2021-05-30,196.71194313501132,192.97501664658483,198.79020516579666,139.14654437600782,109.12518724708828
2021-05-31,198.5363518034675,190.91898590617492,198.9582451019834,139.6334999076648,107.36685994854648
2021-06-01,198.37964554296613,192.13548317601968,198.0440378580229,139.39204802846436,107.54956619399883
2021-06-02,197.5236034432416,193.44769771623814,194.52800370565683,139.92849889294345,105.14076543150325
2021-06-03,198.84020919607394,195.0667112913254,189.42759415178566,139.01082092218053,106.49337643835767
2021-06-04,197.3388720460461,190.4648030510807,180.8059541731847,136.16093705252015,105.63769683623705
2021-06-05,198.81785671566846,192.18403911482477,179.5222291093948,132.30237705537485,105.90788702975922
2021-06-06,198.3011950203643,192.58500235171852,180.64641883189938,131.53577120829476,105.96351750620244
2021-06-07,191.90190687285477,189.09772327066324,179.31603057198106,130.29506043808814,109.62579874039385
2021-06-08,194.623884138273,191.27389763802296,176.21896215418477,131.1012561916334,111.23086215953326
2021-06-09,188.3853208003202,192.56617183618246,176.17637886630692,131.2382133668204,108.48828677417612
2021-06-10,192.36354101869992,193.00580186290742,175.2178418125856,134.84843153291487,108.01054069213944
2021-06-11,191.92489089948822,191.03449228614173,173.8151198455245,133.69987476256927,105.7944384031653
2021-06-12,191.12358754923667,186.7308288903399,173.53054342653334,136.22682885892746,105.66349167926255
2021-06-13,192.17828175073063,186.3817509163004,177.04067578373227,139.54594382610367,108.59724812994956
2021-06-14,190.60432318591594,184.00829079908166,180.7192009356734,141.03291420422653,109.59445703668068
2021-06-15,191.0772577480678,187.50761896727093,181.04389322127082,143.93207349219196,111.45389135899703
2021-06-16,190.50471669436993,187.21346397951018,183.96838923632177,140.45587369591834,111.44954265461476
2021-06-17,189.89895278874675,186.8318576787627,187.66461022580125,139.5279772835075,113.588110558226
2021-06-18,186.6079428439199,185.53640330129016,188.14205748577592,137.6314007410507,114.2726825622517
2021-06-19,186.85097452174747,184.7434840960788,191.4202313742192,140.08120941188156,115.54879872734577
2021-06-20,183.68702268861054,185.01420512874935,185.85048467964282,136.723022090239,113.86162777360006
2021-06-21,187.8934184970355,185.03668520996422,184.6757235105708,136.73573955465156,112.43432045253681
2021-06-22,189.43128678853463,187.53387996039842,184.19781278688816,136.83270484270273,114.5401872482344
2021-06-23,184.11968622398533,189.50797798494747,183.6410855734683,135.54209931257228,113.86151433675126
2021-06-24,184.05275989735122,190.4500356281118,183.6654560595974,132.49495491244735,114.07057178281332
2021-06-25,185.40164643971343,190.1647503633548,186.1126713906138,129.1675131792543,113.81143803403859
2021-06-26,183.7694942695766,188.09065551581597,186.98130969031885,129.93700563654807,112.81524802992301
2021-06-27,183.5013901472585,185.63751535680518,188.57064185624384,129.1455085960242,108.27089824686134
2021-06-28,182.50907765319565,187.15574593203817,182.5835796251366,128.88709430921108,106.02895356496639
2021-06-29,180.89239677476922,187.90479860496637,181.23460665380716,127.38515006498821,104.00105639526231
2021-06-30,176.23616275633734,190.69703173485183,178.63050319648084,127.69539156379942,102.04560015613089
2021-07-01,173.64129947647095,187.84352618731455,173.83437918836174,125.48256721206641,102.1951656609547
2021-07-02,175.02452298855928,187.30843817347358,176.94609702395388,126.86489113622908,101.78823441638616
2021-07-03,171.94493251809172,188.73786790722625,178.75982641942065,130.09189147129965,101.63717655457687
2021-07-04,173.82674732922345,185.85379776197337,183.04024930770714,127.33341809039034,100.53727052287614
2021-07-05,172.89324314525993,186.74470089904005,183.50700828465213,128.1343554301216,100.9778421454034
2021-07-06,176.2771195375367,189.65197392843524,183.15173052336405,129.9764149634024,101.19736959315271
2021-07-07,178.709803077663,191.69375887842583,187.26680098309103,129.03369034161815,104.15447422071705
2021-07-08,182.87664558678438,188.35635217266895,192.35726398395033,131.46916372355597,103.92397287953276
2021-07-09,180.05452949107465,189.54928888787802,195.66653752063138,132.93142628894907,104.64212570265688
2021-07-10,177.44161877727558,187.97497610183197,189.00557041573853,131.13974633105389,104.22874081874464
2021-07-11,174.6491073631842,192.29692776548208,185.98048227552258,131.26327164135898,105.52545045089549
2021-07-12,167.91058889060113,199.5656179887166,196.8227719046148,129.70771074426102,106.24522593810065
2021-07-13,169.5346548450406,199.48592483092776,194.35298111533962,129.14165773653286,104.70249490282127
2021-07-14,172.2259128376077,202.19660455374114,196.5042596371999,131.27304229264848,107.17108971428321
2021-07-15,171.5956041174626,203.6364119000667,200.7048430996933,127.39574446722348,111.06825075547843
2021-07-16,176.15478135292236,208.72412407195824,199.60630353036228,125.0806665356312,112.6250185456994
2021-07-17,176.80275574957417,210.92562471985846,199.6808837255399,123.94446101946282,114.07943239109905
2021-07-18,178.761366316857,207.7601961229842,197.41923972804054,123.6377246850925,113.30387781349455
2021-07-19,179.01072769013453,209.53080374555947,195.5311996971072,123.70561348087368,110.08027373187
2021-07-20,183.03760476804496,204.04853121961116,192.6642330620956,122.47844429961512,108.05973810692765
2021-07-21,182.98769998770103,204.86420895083887,195.7419766837629,123.09274703980715,107.66756217074393
2021-07-22,185.83117833533552,210.84028925843023,195.1824377483515,122.11927116335089,109.91966982565529
2021-07-23,183.32943120897198,210.9979556664338,199.37792769921253,123.50537984820379,111.8242422314174
2021-07-24,187.43409532276917,222.20568032277666,202.82739472730404,122.0706862714552,114.47603669466886
2021-07-25,193.43044640599905,221.1122231524122,203.07170132696749,123.41940199589871,115.10325375380118
2021-07-26,190.63935397128589,217.50895268773075,201.8870675249853,124.57615646527681,118.19451345888614
2021-07-27,193.86103814897768,220.12744555881665,203.24486815916717,124.41075210921686,117.10142763388974
2021-07-28,196.34294980065627,223.66069720449843,205.29638347949185,125.92032051917943,120.12111554335694
2021-07-29,200.54863657629957,220.83674335070012,201.8459662325291,125.47579107676637,120.71947329417738
2021-07-30,206.06717463895862,221.48462098578938,202.833812695637,127.6424789299145,123.3975052946543
2021-07-31,203.1473595331904,225.76934512879785,202.2821945580591,130.51389718893674,125.02426917165336
2021-08-01,202.4214635195142,226.85660948557697,197.35184595413298,129.66516427519431,125.49304981661199
2021-08-02,198.69908326891087,225.6993954388114,190.73449115972554,127.08135639073528,122.42438668478826
2021-08-03,198.02650455610382,219.78676882526455,185.90017706650218,124.56052068745147,124.21337738176344
2021-08-04,198.57935327936352,221.6155663642222,192.84923758578816,124.76356327984936,122.19413023710185
2021-08-05,203.1093445089702,222.25982369721285,191.41854180209126,126.06590053810724,121.55094667658308
2021-08-06,203.39631193550994,220.22843721643912,193.76428439661913,126.62203194005045,118.73199191899396
2021-08-07,206.26296855576547,218.61773429390777,194.2942578453501,128.35984842312368,119.39707730024956
2021-08-08,203.9328647236205,216.53585308343256,192.78296901599992,125.68992433319296,117.26756314581249
2021-08-09,204.5022745808507,218.32114778017032,197.34308138766292,130.5055200359259,117.97058216572134
2021-08-10,202.3862806190036,220.48853314903144,198.8840119227121,129.2485988351925,117.77281503167146
2021-08-11,200.93602236277454,222.20225035582288,199.2804921289327,128.92866856234738,121.08379899327788
2021-08-12,197.2770697373666,226.68881563872523,198.35919583881468,124.96846419228393,116.19818921653894
2021-08-13,208.10440291733536,228.59835641381468,206.5494649511613,126.21857678519594,113.03210103290048
2021-08-14,209.16585537767148,232.97314762055865,211.04866405192826,126.34319578116707,115.84344433258669
2021-08-15,209.8770227567042,234.80545341440757,215.62287092314057,128.04188949981267,116.54276975187564
2021-08-16,205.72927055465237,235.13031068477736,218.0462646555727,131.30521005343329,119.11013708386652
2021-08-17,207.4881966410047,238.12231265926374,215.6833703941259,131.36912726191056,118.03118562722135
2021-08-18,205.9259644129945,235.75977306989864,213.23188648785984,130.4266079748873,117.82233941908095
2021-08-19,194.1893807434521,237.4188858989736,208.99962830896206,128.7477968576449,113.41147280885666
2021-08-20,199.23194832870385,245.87056919003575,212.42943949244864,132.47023883168134,115.59638759452193
2021-08-21,195.3160144755367,242.74396652510632,213.2816149880084,128.8538381936275,114.76656056769315
2021-08-22,198.24151639273052,236.62521892288254,216.2254967429429,131.40668251009927,114.71739037642237
2021-08-23,190.68808128018458,234.28609409190753,215.3440502298138,128.50218059481435,115.12135288708313
2021-08-24,189.79295188347518,233.27477325490293,216.40876801680196,127.47800368880591,115.70655347316733
2021-08-25,195.42194895917785,232.35885153847963,213.75795293152754,128.68119829311738,115.5794780516346
2021-08-26,193.99537115560986,227.37171547355368,213.31095857164325,127.83710310071304,115.68086303354954
2021-08-27,192.48732245055987,225.0802407033555,217.23616861690965,129.97286988524883,116.4420316260047
2021-08-28,190.24199851934043,225.68712724266638,220.7036926343218,126.26340933917244,116.83439838907344
2021-08-29,183.29518312070965,224.49004703130439,216.0658836747779,123.07737814971324,114.76635098386154
2021-08-30,181.7389188441888,220.21761165887625,214.11927789484974,125.74836364074677,111.70002508171486
2021-08-31,178.9312218735099,215.55078106908564,213.1027093054541,129.24222738008376,109.42989984599718
2021-09-01,180.7989610390899,213.75426258189992,213.07926951587632,129.0164528741304,109.93073281443212
2021-09-02,184.81414953943352,217.09919646708568,220.34356791836586,131.9373676988496,112.82687802954874
2021-09-03,181.79451655151323,215.9484308650003,217.6456366473077,128.32647258421312,112.26288777835205
2021-09-04,196.68814684865174,221.12995547487077,221.4073340654707,135.02054827998654,112.42186692406071
2021-09-05,194.11508135136842,220.09410481688846,223.15353585543642,138.74514761558535,113.62155985512861
2021-09-06,186.9775696022599,218.37948284318355,224.18582628596778,138.12637835471523,114.20877386406383
2021-09-07,191.43927031854687,218.58409918008158,225.93577415410803,140.5575161092695,114.23167614105483
2021-09-08,189.2219074880148,215.32499565804716,221.26436804671377,143.42956219629534,115.81160067667324
2021-09-09,187.2124352033838,215.2817401063448,216.20403572486478,142.7138187782173,113.99656370159691
2021-09-10,182.91062521407187,217.10936669435995,217.31059740178347,147.02708855049812,112.10486991500807
2021-09-11,184.26829909979494,218.24244287282283,219.94687247324816,146.98800047423046,112.12610652273466
2021-09-12,185.5559053985527,225.2400046434627,221.93692619628567,149.91174992603527,112.12697681029331
2021-09-13,183.3606572046204,219.09719235257583,221.66474905558232,149.16497624657848,112.84799813690141
2021-09-14,181.48027413213103,215.3914483900936,219.42318403148508,150.57224238805958,113.72166323227752
2021-09-15,181.57703961743752,210.99880649381748,216.35267960302428,146.0266867835803,114.55069096219556
2021-09-16,183.70690937588105,207.14413766799262,214.1430142736267,146.76584788813003,113.36717568647984
2021-09-17,187.4782958839315,206.38402282940055,210.52295304577052,144.463575101673,113.05046876875635
2021-09-18,185.47737601392615,203.37567566482932,206.09287466437502,143.72467917789083,112.46032499450914
2021-09-19,183.94893349854607,204.13228760124147,206.85068598624412,143.99214142280388,110.77573084570882
2021-09-20,187.41113701039484,205.77816023860382,214.66226129411643,145.0204375323609,110.93426934436832
2021-09-21,187.08654351867318,206.70509180418256,218.45075557730624,147.13709258733633,112.79014894257202
2021-09-22,185.9313056457401,209.41239495179164,221.49209562341417,145.42947579576187,114.21640275394645
2021-09-23,185.40106066873435,214.74221672405724,221.57309372903396,148.1735020267614,115.50013891689962
2021-09-24,184.511045216968,216.32122109523445,219.11539420166577,153.06133264129014,116.35912173413033
2021-09-25,185.5995666159082,217.90854941107395,217.99966334426426,153.96828675087843,117.37256019282202
2021-09-26,188.26516000697532,221.6221252599424,218.63521602345398,153.76154522291756,118.52047289627387
2021-09-27,188.508342667955,222.33407263827905,214.70419847302938,155.05516130018978,120.03521642105106
2021-09-28,186.4936694867186,222.99862414613358,214.46086943930214,151.79991759572235,117.37043449241045
2021-09-29,179.06755352195722,223.31923938553413,212.59765266764086,152.62677236733268,114.81649415354414
2021-09-30,179.1689541705916,222.80919487127042,212.22172052023782,154.63138584190227,117.67402964201432
2021-10-01,183.00591758250403,223.03917961367253,214.8566383890518,154.62173699387927,116.7455472118471
2021-10-02,188.1289085079622,227.70422471881858,214.79757353436432,151.7858887443871,117.52969207522209
2021-10-03,188.1477924160805,227.9087671096925,213.22683142754,154.75451692795093,112.490228851049
2021-10-04,187.0354638585538,229.09986555686794,215.2414497143025,155.33745088689548,112.28168472145857
2021-10-05,184.30113405167504,227.53013467666509,207.79913774066364,154.08122066004762,113.31042518483717
2021-10-06,180.3066542310867,225.72678469156224,205.09404089028578,151.6630023478104,113.9415368496401
2021-10-07,180.62275105951682,232.5746079672835,207.41857219458328,152.85487525525974,115.36713912971375
2021-10-08,180.62882368778946,233.4373487907299,202.97356533738628,152.95740124771015,114.19068810763714
2021-10-09,183.72972095671798,231.55374636527768,208.2572994865602,152.2094383734062,112.7100583309653
2021-10-10,181.68423779043263,225.03388085777576,207.7369566772321,147.28638796788016,109.55637567479089
2021-10-11,181.67719445147105,228.03214695906692,206.30790165569366,146.84532316413902,108.0688070107207
2021-10-12,178.85115070762618,228.50727706927287,204.11316877184584,146.82467638769194,106.3812574274633
2021-10-13,180.19307573336923,227.5241653291265,202.00818760180968,146.81006565327658,105.97569740539693
2021-10-14,180.82581076446849,227.82112816589452,201.33947124030456,146.53434351208986,106.28101960728105
2021-10-15,178.56473060976256,222.29271208308765,202.2518603121747,141.2720558343698,105.82911581379095
2021-10-16,176.28997303723258,221.5803927940994,196.07845843792856,141.30411298596866,106.21430835272712
2021-10-17,176.7579522825969,218.02560491775907,194.8889982756127,139.37591720788456,104.94829485104776
2021-10-18,176.5425526068928,216.78561973153316,194.26390872609142,138.3688817435105,103.00798972970156
2021-10-19,177.6497601508625,215.522154491751,197.8926398411361,137.80272456681664,104.93976651280201
2021-10-20,173.7943955854794,217.79041278454363,198.7168001258006,137.245222018677,104.01454341097288
2021-10-21,170.21193634246305,220.5920871871448,199.19315851244707,135.0935058139628,103.05194266732003
2021-10-22,173.2907406837271,219.8713843945036,197.92379351230161,137.13842911866948,101.54061088060438
2021-10-23,170.78284715956016,223.38859371392186,196.66506417991448,138.02330072587492,103.52247787941688
2021-10-24,170.44568806594862,227.4670660739344,194.39927979750362,137.463783304571,103.32640033823323
2021-10-25,168.94178478627455,222.44738958205198,191.59083932506255,135.8108006163325,100.93773735241874
2021-10-26,168.86037874944293,223.46574510935358,196.25908549767075,136.80316932811678,102.88637603636867
2021-10-27,167.70702501698707,221.67282368633605,194.9365943741689,137.37497461102,104.46397206678101
2021-10-28,166.10604855052847,224.0924633656156,195.67538297654994,134.66455265597824,103.95059382589038
2021-10-29,165.78299846559977,226.52978157677407,196.91112733280303,134.87210597350432,103.42537521371219
2021-10-30,158.75804097676993,224.0958355640003,196.80322430067395,134.77991992256204,103.34309976188956
2021-10-31,161.55541801437766,224.59970627043973,201.0352250562397,134.80398220471912,104.24920410514159
2021-11-01,162.9786735641942,226.61092222215956,202.9490324788205,134.47743574633878,104.48119555865873
2021-11-02,161.66144224027582,232.4556587264883,201.69080385962283,137.17195394083308,103.40330929551078
2021-11-03,162.8814877562365,228.34185803660196,201.8451249630479,138.84156534410508,102.27845850007233
2021-11-04,160.76770390082487,219.2093674281941,199.53844372820967,138.95486809924913,99.87193577199014
2021-11-05,162.8581331051438,219.2657721209772,199.23236678778534,141.1117987561183,100.93514069363124
2021-11-06,164.0528257636011,217.5232556019293,203.4804337653566,142.94706777747993,98.9577938835258
2021-11-07,166.2266366935815,217.32516871611702,201.8951887901533,143.8222374322088,100.7904844403554
2021-11-08,169.1897541318209,218.23812364340782,205.3638459673864,144.15754315248017,101.58909748556869
2021-11-09,168.85773765947798,217.267873513358,201.46217203524927,144.4944452767333,100.08998639863617
2021-11-10,165.9594627432463,217.78879610175943,202.56080655482333,140.59525329799894,100.07012186992527
2021-11-11,168.1990054092274,218.85132282700732,205.62799259967053,140.316184858313,101.0679053844266
2021-11-12,174.62178101063716,225.3599183918636,205.52621837323758,142.75858274299299,104.45401484072298
2021-11-13,170.78054955228376,225.03482399574685,204.97386280466517,143.0536833712016,106.11535231891015
2021-11-14,173.69885688076528,231.1477364958927,206.35818859635526,149.4533287693336,104.76177454458463
2021-11-15,174.66438679638622,233.40498858972526,205.53378976924927,153.7745418211785,104.3322062287255
2021-11-16,175.8654473481081,228.28960961616093,206.40788859437274,153.0612616099624,104.08782055042145
2021-11-17,178.07726359650465,222.4657027979089,204.87973530285637,155.94528220417592,104.56889667604683
2021-11-18,184.61618859110055,226.13388530051466,207.10686720558536,154.4122587752944,104.3837788237774
2021-11-19,184.30241591623877,224.4763084104911,208.52730886045285,154.40919857235698,102.39240854649192
2021-11-20,184.97747112960485,220.56757913484844,214.63146739614433,153.98097261317102,101.19986131970008
2021-11-21,180.67914483255592,224.3922306898594,219.91565163684533,151.92671335216485,99.75715842210766
2021-11-22,178.61013826866474,222.81968204500387,223.92859116119922,153.60249556451467,101.1004575933304
2021-11-23,174.89084320888068,226.6449077563243,223.3929677595305,151.42259336007663,99.21830992276837
2021-11-24,174.86732122811247,224.44413504809856,223.54396804280728,152.7661124251357,97.07794703263754
2021-11-25,176.8498531905959,226.77021737952083,233.6825952696336,149.85559552856589,97.91641112748731
2021-11-26,180.55794305852146,222.94775250697842,234.67776003625818,148.98912242879592,98.12205183137877
2021-11-27,182.5270725557903,228.43556287496796,238.0979102442299,152.3869330315296,98.93689549105653
2021-11-28,183.2502920417782,231.40240592310047,237.73689932666218,151.24339283726698,100.09323661866209
2021-11-29,186.41279537323143,234.53768607545933,237.10776966659705,148.88657631444258,100.0977649080814
2021-11-30,186.19021319138182,233.6629190333829,233.02579393562,148.06604938306972,99.27671926203654
2021-12-01,185.2200013208974,239.002142701218,227.84132403314106,150.61324954588792,99.17029044662206
2021-12-02,185.47881353532006,236.21362325505217,226.67136310446256,151.75948637952266,98.81362594762089
2021-12-03,185.96665649108468,232.7452112091955,230.57564457126415,151.67704147833504,99.1854193905087
2021-12-04,188.865040329369,236.45206713654449,234.37983639773955,154.75848228219766,100.04091054851703
2021-12-05,187.14047562494846,240.43894454880908,237.72886029105953,155.2709931276117,100.77497334470631
2021-12-06,190.1631575145298,240.98601156573164,236.52296758295654,153.35720401715028,99.99784677164692
2021-12-07,194.2908006546979,248.3004874671486,238.13075591281654,154.53817638840852,98.50345091796984
2021-12-08,190.98248441862296,241.18530392885293,236.020828032699,151.63834166304983,99.60504002532274
2021-12-09,193.90765584758708,239.78569223629816,242.07597202480335,152.13529907689983,100.21469076824015
2021-12-10,193.1283529863774,239.86754765551365,242.41558381322824,151.99537782608982,100.26151116107988
2021-12-11,185.46317961998832,239.1122227276729,245.54942065413718,151.9233180826812,100.19567040884448
2021-12-12,179.0555971756527,234.89921387603692,240.02127144680028,149.72438937270724,95.89471290320795
2021-12-13,182.67176186186617,238.13295812260912,240.3167059891584,149.3869539300347,96.50694913351188
2021-12-14,177.67599508214224,236.57318327708097,242.2833395948799,148.47018296751384,94.79734304577956
2021-12-15,176.10902923686353,239.3326070633055,240.07101248783914,145.2078034378166,94.17188396571746
2021-12-16,177.36326895051488,239.2769669422525,236.06812752510328,144.82858723593426,93.86672163992425
2021-12-17,181.394186558103,242.39409000057972,235.4765937679278,143.19300134483112,93.06808483172479
2021-12-18,180.13221534588652,243.16840547850293,243.11874661264704,142.56040079091974,92.90001591144197
2021-12-19,179.99773469045678,242.5922193249344,246.1587618653571,139.52423432824753,96.09031110120495
2021-12-20,183.02152494435265,238.4397789568952,236.0561670539853,139.5141619597643,95.7680100650298
2021-12-21,180.08890443253526,235.0364385737303,229.35049123511533,136.49256400631614,94.74522007785563
2021-12-22,181.46478289721688,226.17674323261008,225.04909161694616,133.17052946209594,93.32222660872601
2021-12-23,178.14765511034767,223.77526942744197,226.68044048649296,136.23424216813456,93.76926024596837
2021-12-24,177.32882745695557,223.5767038060397,225.3506907448701,132.93581483163337,94.6314985351539
2021-12-25,179.78422363292202,225.57726313059905,220.9374756718103,128.73834258418782,95.2839396117101
2021-12-26,186.72379038454937,228.05445004003596,224.22452360565052,127.61075611179058,96.31380960103516
2021-12-27,192.25249261419398,224.97747071892738,229.34510409625042,127.46934625367605,97.54859731457665
2021-12-28,189.85148843051792,218.11809630836336,226.80916961951706,128.8139001094702,97.34409603199144
2021-12-29,193.82112769155168,217.6621079129426,230.0362590974037,129.66285477596952,95.93700768400946
2021-12-30,185.5953461810609,216.70487903445007,227.76640288696515,129.10880627556563,96.37575236404128
2021-12-31,186.1868360442373,214.36232957869493,231.94202178285116,129.2119215097197,95.40398481140465
2022-01-01,185.16285188502903,215.71754836357985,229.59792436995386,126.81642271401827,92.59820692658865
2022-01-02,183.55043053475697,211.75756337232588,231.15381130116583,126.11237608722385,91.57439507158003
2022-01-03,183.31985870820557,205.75184282955428,226.38720268692273,123.92849084176395,88.99655105136851
2022-01-04,177.6077103311023,207.245464169237,228.21016848462054,122.24925355232023,88.82534144771355
2022-01-05,178.0302453198214,205.4791221200425,225.30868442495745,122.96935901101047,88.48194882878936
2022-01-06,181.3139190124693,210.23644501705763,222.69789223254156,121.8909039268916,88.92968086126973
2022-01-07,179.3340084236919,207.54589744689582,226.64554545005578,120.5673889381964,87.99668558929928
2022-01-08,176.06349942375033,204.5793317763588,227.2648875475593,119.57748243007977,86.92527508222379
2022-01-09,180.1948423051697,206.13309430739565,229.23282703734878,120.6484714492214,89.26256573890045
2022-01-10,177.42722188250366,205.6610135079577,227.25190398639953,120.02948699682895,88.69635986774773
2022-01-11,180.27088380598153,208.93375634167197,231.95099063066968,120.24696388287502,88.9010939926052
2022-01-12,175.53520959484428,209.33181512757682,226.9811627988144,120.45319071905686,88.52094226974515
2022-01-13,176.68549296580653,214.49741201712578,227.9933162537195,118.36970430777734,89.81609817078662
2022-01-14,172.0031755714599,218.82212352519477,230.9277486976786,117.45582930291596,89.82948631519248
2022-01-15,167.03844647864923,216.68113248524963,228.93259631712536,114.29762025905366,87.40528051376025
2022-01-16,164.9672674604337,217.15419473758172,230.70187477483395,114.60725889760346,87.03149718382252
2022-01-17,163.98831602158424,217.6814367521352,233.88558651315748,115.53814059379877,89.50841246125911
2022-01-18,166.4554766772462,217.05075080798207,234.6669720172519,114.82078794622824,89.91495988426404
2022-01-19,167.48115832444745,211.92621397964203,235.04944446009299,113.28235156808563,88.89938647428345
2022-01-20,168.6201216377285,205.30057857950536,240.46370443390416,113.7035161586274,87.99934925157689
2022-01-21,169.7339646836036,209.0232310565306,240.49207622224318,113.28107429410593,88.98681604383307
2022-01-22,169.3878109498492,210.46944162953173,243.55203213960593,114.16856184073362,88.70911623888024
2022-01-23,165.9080203943379,212.88240549488873,244.1410952029079,113.77368961958499,89.48773040759015
2022-01-24,167.21885115576472,214.9088081052679,248.83269190311555,113.19304144305214,90.36154713761856
2022-01-25,164.65493447791528,213.52264561180988,254.8945046870815,111.89466649449871,89.36287864886853
2022-01-26,169.3177686578366,217.7556515489901,257.53363707046213,110.9954798574355,91.34990366915481
2022-01-27,168.46272283632928,210.6614229061956,260.2171517209875,108.79966959812242,92.22000990915421
2022-01-28,170.9040931712314,209.30934178390774,259.36699239029804,108.42614258812637,92.38046603368493
2022-01-29,166.43172483940006,201.15627345223893,256.266950539172,106.03834053828872,90.25555438861018
2022-01-30,168.21166916966553,202.72726840399133,251.79061950136466,105.75565141205894,91.68363744670361
2022-01-31,166.04339553729034,202.2569010852728,252.6155734314229,107.70896575406283,91.1698555085249
2022-02-01,164.84169442324426,202.20349133761474,250.01609302362345,107.49869881296672,90.16625002882753
2022-02-02,162.03766955781677,197.3920193652656,242.38191636206022,107.0261822064854,90.52957935424678
2022-02-03,166.62891406030576,196.09190022711718,245.75037522196047,106.46973273942804,90.54465616361271
2022-02-04,168.80099191927906,198.0630502667843,247.45204329786407,107.64550637567363,91.5357063414102
2022-02-05,172.11755649356863,201.2769420611379,252.94251216539865,109.77507118755709,93.22821330220278
2022-02-06,168.58840741885743,203.0976260845142,248.12580155684614,109.57711750126323,91.70168359908962
2022-02-07,170.02765836046075,206.17788570604552,249.464281188237,109.49060411225358,91.65350160806081
2022-02-08,172.3243265716132,207.04236800062662,251.88954399462943,108.62970368748711,91.21238375851807
2022-02-09,171.17710825875534,211.0403175831386,254.54531799594375,108.35239717375308,89.24378287554134
2022-02-10,168.76666230823335,206.1453546112365,246.86711161771782,107.58942526415278,87.94029199540346
2022-02-11,169.7638146486814,207.40747704218376,245.03091236042872,107.61780917629882,88.59658524962929
2022-02-12,166.8012934885408,209.49088549683293,242.62906174008177,105.9115833655664,87.92498364218254
2022-02-13,164.56589719355128,205.287059590268,242.59448126817625,107.20591559715368,86.15001869264954
2022-02-14,167.5384711564005,209.82915612529868,240.17246899377488,108.94726930562065,86.72034491288598
2022-02-15,166.19275283487707,213.03114787315482,241.44545387357084,110.85062555706172,88.55758557742448
2022-02-16,168.08758117612018,211.84527176039137,242.52289600689903,110.61285713686205,88.41518028242729
2022-02-17,170.0646748023513,207.44351561418466,235.60105625632855,111.4495144909259,87.07948899581208
2022-02-18,171.04590710310194,209.575916793435,236.16635266645352,111.75622671644155,87.86264894059339
2022-02-19,170.48817524255304,206.54620841302577,238.09827753193795,113.79748229555962,86.30771361462028
2022-02-20,167.24061093332864,210.08073191590069,229.60622428249997,119.57231472916351,83.97761346837521
2022-02-21,167.8252223260508,212.7269757754842,228.65686665224848,121.25449712876636,82.93885524147532
2022-02-22,167.87374300221032,215.40571811847477,228.10190613356363,122.03339745379319,82.5979463148426
2022-02-23,165.78176003984123,217.12565151955977,226.03827456838334,120.49038938446633,82.014689786846
2022-02-24,165.92812261742375,217.739111564143,220.27799612586122,119.21148580971939,80.99479956914551
2022-02-25,165.53332502263675,219.8849841450674,221.09983627221445,121.4946469906457,81.37409211895313
2022-02-26,168.1229009280941,223.8665830695232,221.41655107001097,120.51009933971689,81.05032579069065
2022-02-27,168.65224604412455,224.56774363814677,221.79200854286373,122.94214203436667,81.29564372645598
2022-02-28,169.7565887834989,229.29813966705788,222.5513021787558,125.26047337570938,83.76857752838923
2022-03-01,173.16432203769875,228.2937878029898,221.29870010932422,124.00870653374227,85.08142883685034
2022-03-02,180.5534954575607,227.9697159468952,223.72813635978306,124.20245062976944,88.3921065868138
2022-03-03,173.06452658012236,223.6657820776136,225.9692494206904,121.53684731619198,88.29900968071557
2022-03-04,169.61377902195346,223.67255993609916,226.960292814374,119.0280137334723,87.43346881311676
2022-03-05,172.7309788651942,226.17643830181342,231.208163806498,119.00149575062088,84.70058536239881
2022-03-06,169.01118490595033,229.00367642609547,230.71190681785717,119.04536909165012,87.77979564753973
2022-03-07,167.54681512076976,227.70216784254194,234.46192479265045,120.1367910196688,89.87726706858466
2022-03-08,167.175882999537,223.15075747545905,234.1952360156531,119.33580687746945,89.90038177151702
2022-03-09,166.49946899213242,227.7252969953779,250.56154771586904,120.13125981989415,88.77242939006493
2022-03-10,170.27615013967662,228.3675280863365,250.07572116748216,119.89261230093868,89.94670424703733
2022-03-11,169.90769635194377,230.08294428238221,241.43245211722896,117.23707303446305,90.37533710611626
2022-03-12,171.17034572447636,227.17108564992023,243.94000888036516,115.82240244777739,91.12873078797494
2022-03-13,174.06812237063957,224.54580860125492,241.58976440702264,117.16383310793228,92.63941110328523
2022-03-14,172.03615847729657,220.76583635175737,235.24374166670995,115.20124939896164,91.49336590308151
2022-03-15,172.69914845070062,220.12338005617698,236.20870709543297,116.00560867178217,91.04596312406532
2022-03-16,173.06128275200834,218.81875551999462,232.7841258935085,113.35238176849484,91.27424895118416
2022-03-17,174.60310821862998,219.04647767163172,235.26114733970616,113.65519253645209,93.56127458347274
2022-03-18,172.02840213078062,221.1753987943012,237.22701400753192,114.65181033787275,93.91359350792007
2022-03-19,171.9650391887644,228.87155537711874,243.0876092095442,117.07242939023023,95.24508640468203
2022-03-20,166.8334792292432,233.79350003445538,239.9549359334742,116.59791534996056,94.90580048221115
2022-03-21,171.94057756836824,231.97070473957953,241.05290140510937,115.53277412141932,95.78906081063997
2022-03-22,169.20108853856954,232.07288003856567,240.28532444781382,116.015575622799,95.82482003938222
2022-03-23,167.59013687793444,233.16493316082162,241.70391738874415,116.05036917873777,96.39016751442476
2022-03-24,166.23629353431008,233.90631642588602,248.2687964135106,119.81419683191733,97.00277264565486
2022-03-25,164.22090508155688,232.2990637419364,245.80749035401857,118.305274762349,96.75748684234081
2022-03-26,167.1975930482543,231.6233838292079,248.9704183708991,116.8952564495653,98.03579905370091
2022-03-27,164.82438007195503,227.40546498158184,247.98694045208612,114.24187541412553,96.79387141961331
2022-03-28,163.86073002445855,227.90161823282642,252.5421262941499,114.60490798427678,97.10173748332285
2022-03-29,165.7166750389976,221.23627426476958,254.253403399598,114.32659355076461,98.47919335545629
2022-03-30,168.78231090307972,222.37989776902182,254.45839126637048,116.70604628809285,99.05138239096812
2022-03-31,163.59956829085735,222.65647825213918,250.45407745149527,112.45692107334743,97.54604373100408
2022-04-01,161.47563093924785,220.17014542307734,242.60522704623662,110.70371780746335,96.38523439003463
2022-04-02,161.17798908685802,213.71607923922656,243.36030542757203,110.88981942352014,95.91078712848062
2022-04-03,157.26638820052113,207.50387937077534,250.74966061490917,109.65473252672702,97.03496061012014
2022-04-04,155.11806275556222,204.69062328235498,253.2364508515423,107.24778133142706,96.82679489055421
2022-04-05,155.86600664983396,204.28940257779908,258.1323759879403,106.42016572011215,97.87810934612511
2022-04-06,155.24493484356802,203.9893333004182,253.10972366273614,106.91954888176372,97.30840908916093
2022-04-07,157.44193501432437,201.82278934942462,256.41709993233576,105.53122716095086,98.14213723439582
2022-04-08,158.94413773478584,200.09284903265672,254.84322115827788,104.23946710201746,95.98039599312672
2022-04-09,157.0645946380578,199.6240671198127,256.47088927216544,103.89332554108137,97.33904784946661
2022-04-10,158.3522190523747,197.8286329894336,255.4244367235899,104.22690655970743,97.837099753053
2022-04-11,148.93151858326922,205.64391437064984,257.0771879994443,104.25226633562772,100.0635754461409
2022-04-12,154.2911503608165,210.47189645664002,264.0684399136361,106.13369293433354,101.52198457765205
2022-04-13,151.91837105580757,207.05442458623187,257.2259965153113,103.97724299980985,96.8513073810076
2022-04-14,151.250415040977,207.2451181990345,255.18499150109724,108.22270703036256,99.0999227927151
2022-04-15,150.25595809013308,205.40903477799105,257.3957563417129,105.63284540302054,98.20298034051962
2022-04-16,149.75010424369452,203.23880456518813,260.07447880061676,107.01458520538426,100.19729973306534
2022-04-17,150.6314592951423,206.15066749443858,257.5954851442194,105.23048929779716,98.84803765494905
2022-04-18,151.79572264518862,208.8848155588703,258.2411083278931,104.70452701019299,99.48354616471292
2022-04-19,149.96539190145566,204.55497944794496,254.28095226221635,103.58930993259585,97.15821323517956
2022-04-20,149.97323947634584,208.15670849633213,252.9969929392985,103.22870883937199,97.80070760695705
2022-04-21,147.70925101826032,206.13406500324837,253.83774472317552,104.13293308586992,96.95602517454795
2022-04-22,145.20454957003267,202.49460261441874,252.89392993378667,105.2910040435905,94.14574544586748
2022-04-23,142.48897809422186,201.98925219328748,255.42780380916003,104.5368210902854,95.60522039547338
2022-04-24,145.30802932208542,203.4932630876984,253.85510360842076,106.20446683200208,97.22496664138005
2022-04-25,146.3157179092803,202.48665210914783,252.41556427058347,106.48624716722125,95.53585625671694
2022-04-26,146.03084327107604,202.2488100159524,251.39519161910982,109.51849609257758,97.02394722747853
2022-04-27,145.05621913373037,203.44692470559912,251.38745227439404,111.36892352216242,98.57502706741562
2022-04-28,142.07006119087438,208.69293416288613,255.92287812060908,109.94089371379478,99.78729027703008
2022-04-29,141.27879888110175,209.6722855603444,256.75433641300964,111.90015118043976,101.1839832345089
2022-04-30,143.37717860904132,213.8466166296384,259.54693563924934,113.60644831854039,102.0650415743733
2022-05-01,142.72183781077277,210.45860385484005,257.9034646314034,113.52350191794658,100.73225503896715
2022-05-02,142.24655817584085,213.41125718193769,256.0951866068185,112.48537665363278,96.8769291838625
2022-05-03,140.1390503000427,206.23901710553133,248.0991261547385,108.74069305990832,96.93314561488765
2022-05-04,140.41081449366612,212.51037699086777,250.97087903535487,108.25839985523186,96.28188370282193
2022-05-05,141.6338420613298,218.14050760723583,252.24547547341086,109.18415720125586,97.28036685185263
2022-05-06,149.69734491072012,218.5854877845059,254.4106989046286,108.53137320737629,93.42978951557369
2022-05-07,150.43112226604183,224.59289554141807,250.57057710165185,108.96548595871067,92.85316679518256
2022-05-08,151.64281557219107,219.45389290581033,248.57937170551807,109.59688735981425,91.02641811581591
2022-05-09,150.96645195476026,223.0754014183764,248.6892794418814,109.37066535309563,91.25126822123703
2022-05-10,151.64314325335997,223.43426112226527,248.24241017193873,109.58282442387284,90.71851783102483
2022-05-11,151.77084162544463,225.10816687475696,251.06516863024902,109.90200838052984,90.46722074706875
2022-05-12,152.23263007578367,224.74626021391725,245.64363787187443,112.95535158719042,89.07649532294688
2022-05-13,152.29501671095164,220.78208648561966,246.36505876656014,114.19309758164016,89.64653944123745
2022-05-14,151.5742134419664,224.5644775958074,250.3453117711517,116.78979680448262,95.62546564642558
2022-05-15,161.4181937704513,224.61225624903014,265.27977653093615,120.68617816850808,99.25681010848766
2022-05-16,157.4037895684993,225.61029620117233,268.00795157740777,117.08946146549174,98.59776690403068
2022-05-17,158.45205945037193,228.79820961009395,268.4885603535372,118.05456185362354,98.64879522154537
2022-05-18,160.25403325763992,231.95028874555865,270.1436966010938,118.53143777762585,98.63914089673904
2022-05-19,157.26064246926813,229.22994435772063,261.2572773913771,115.1405184618582,97.39434050526586
2022-05-20,157.82790763545884,229.44230954189499,262.61372692559297,113.51530040624164,97.04386747383734
2022-05-21,156.04103575667415,231.62143185961435,268.394878137069,114.96781441535023,99.60615190351568
2022-05-22,156.27227704349752,228.48513844277974,268.1791160779052,114.83146511037853,97.96642852509717
2022-05-23,156.50630619883984,227.23655459414945,269.8031119532785,114.95038771077644,97.05273976720751
2022-05-24,156.42225209455748,216.55449438874078,262.01785167902693,109.37734922398253,99.25400304929789
2022-05-25,158.55418596515327,214.0034590970794,259.36407110027227,109.31459404696652,100.50598429597856
2022-05-26,159.78380421626122,214.62982606492434,262.9631290802627,109.93939400786871,99.60446913540088
2022-05-27,158.66768105351093,222.1356262580785,264.51044865572476,108.53179616136835,99.75138896274356
2022-05-28,159.94057498822767,225.09959425232708,271.63586801677917,108.42395983840618,98.27569120779587
2022-05-29,158.55237247814864,224.02741541578567,276.88399556404045,106.23144150178737,97.22090133656542
2022-05-30,158.50661201588534,225.13686974258493,278.07449606324127,107.87750424816508,100.17447190628941
2022-05-31,159.47478474757366,227.0489824512503,272.9598207527252,107.87978001525859,100.76907206869043
2022-06-01,161.2603175264509,226.395439476924,271.3925622512902,108.87683563556801,100.11721267712248
2022-06-02,163.8134293157563,226.1741515666819,275.81070251624107,109.70371790524946,100.56528530774206
2022-06-03,163.32750051491067,225.67425832960816,279.3342836532967,108.04682218097685,101.02133765025783
2022-06-04,161.2438936079549,224.80319587932112,278.82208160768477,112.06558914278627,101.0643308364576
2022-06-05,155.22736824189997,241.35610313021158,286.78006635992443,110.32804578159633,106.2484101002685
2022-06-06,152.965174915966,238.43253079219156,280.5151541513609,109.71308323437587,107.31019331538398
2022-06-07,147.63262226344006,225.70560990480027,258.3856689269771,105.79919839562845,103.8894812805609
2022-06-08,148.14726241659295,224.53443179318023,257.5902151766639,106.24581181220813,105.35736179700812
2022-06-09,141.007793380228,222.6293041025351,250.50378865766697,102.63798998495743,97.74524166896745
2022-06-10,140.5544194184926,227.07270261008478,248.39101345138812,100.68417787437284,98.15633262463551
2022-06-11,141.8962193256314,226.67732147621783,247.10154881710685,100.94733381122794,99.27154667252589
2022-06-12,138.33226204131904,228.97960840416945,246.61648373566823,102.5579701592625,100.23153865205757
2022-06-13,138.486913548949,230.27288408790488,248.76802159450057,103.27436005707459,99.90763141373135
2022-06-14,138.57851328003528,222.79927114333427,244.97841247990343,102.83391770803036,98.55681601066236
2022-06-15,133.41119709746056,218.95681519472006,243.29710289546207,102.48668395132783,98.81750034515169
2022-06-16,131.97466488393675,223.5466512253644,245.23803376148825,101.62401201628637,101.97335488105763
2022-06-17,132.77879858209403,224.5631398565445,248.75059849092128,101.96489997358437,101.27690894781202
2022-06-18,132.75207705728508,229.3101068590293,248.92656410372786,103.10126762372859,103.01894774747763
2022-06-19,132.387283411482,231.8554775241813,250.9063649233407,102.06709782616348,102.37894414753976
2022-06-20,129.41521758032266,228.6605213384455,246.01475688541757,100.45250467356911,102.0657236385989
2022-06-21,126.13349906337201,231.0411066401883,242.52767239251182,100.27811355836572,102.1435971141916
2022-06-22,124.14197321012017,232.46941001973946,240.0221572394514,97.99068978872629,100.11281041725367
2022-06-23,125.54143477734402,234.493434323798,244.42417666171497,99.18945464452923,98.74509279270265
2022-06-24,123.32707626464828,235.62221263720252,242.33199710096773,99.86149787113249,96.58413945287
2022-06-25,121.03726048163766,236.61574608398558,237.94319892210802,99.63444142630993,97.83459601157845
2022-06-26,118.87172676698728,240.0074921551267,235.76426851156725,100.64554733871533,99.89730155205999
2022-06-27,119.71277183345737,239.22767432399547,229.93764734318373,103.05381322255298,100.70455125858139
2022-06-28,119.0126749940481,236.77882655232605,234.4713842355775,104.65204367517735,100.33290410541338
2022-06-29,120.98440883477832,235.41167993404449,231.8915918576148,104.263754152165,101.95937261536919
2022-06-30,120.5372765967225,232.98454194563766,230.5857863043464,105.85510610496324,100.5477473055815
2022-07-01,119.74805529824297,236.19441977902756,231.66686184805815,106.38694449063435,100.809795394179
2022-07-02,116.9150007818042,232.20824482491605,223.78313428787953,105.67216802507932,101.17577098364252
2022-07-03,116.61711323928301,229.5145265183043,221.53280203177695,104.46567066066987,99.52956868967163
2022-07-04,117.4041442463858,229.00713925607286,219.49965914015314,103.91208966002162,99.83222844806991
2022-07-05,119.05031368657531,224.46453250199875,217.50734072197292,103.15896366092575,101.76126047306349
2022-07-06,118.79123876726386,222.79141124520453,218.92851024546746,98.17782603318162,102.48732962289917
2022-07-07,117.19978466862827,222.45558162930124,221.75524416177157,97.42493069039936,103.57959936683568
2022-07-08,116.61151115732326,216.01290035798843,218.10754105428856,96.12060997325237,101.58696426697207
2022-07-09,116.70794264911223,215.50927288579996,213.55604188313131,97.5239352755027,101.04937781661684
2022-07-10,113.5556410837125,211.29844573147844,214.44629714850865,95.80468769093542,99.94167845251779
2022-07-11,116.06147719593065,214.03422835448993,218.43121487987523,100.23630268935756,98.47550347718243
2022-07-12,114.26251612561843,216.39346162951733,222.28922840864624,97.56360622717223,100.11253728921544
2022-07-13,114.02654701168746,215.05520635295278,218.72951358236688,95.70482391158316,99.93988435696012
2022-07-14,109.96511515953556,200.98216240232642,209.8021055518715,93.51230763512905,97.56596534006835
2022-07-15,110.58225830410419,191.78884974708922,213.51285904539944,93.84391055287945,99.61056671296417
2022-07-16,107.50831897560825,191.04991830565245,208.4858367081439,92.37067391595004,99.20981934188028
2022-07-17,107.67685240784269,191.73644471866876,206.66517872404813,93.47065957429228,98.80015964118131
2022-07-18,106.85114088793088,189.8929434401518,203.6824226598249,94.04156409326049,97.46735808972304
2022-07-19,107.91086806295318,192.35534124390657,204.62501211811252,93.2754605167879,97.24860733070086
2022-07-20,109.44205347517871,192.94555923724263,204.95134234712333,94.45556586693088,99.01847653486222
2022-07-21,109.40683435898426,186.11622761456218,201.2060187397446,90.63420013893159,99.36020626936352
2022-07-22,110.1179377294793,187.46638843383482,194.67669014871834,89.66832158221582,97.9706766631589
2022-07-23,108.574995372832,188.73033770672137,193.76632059970362,87.83683320212559,99.82856862089433
2022-07-24,111.90269860519126,193.60650887543022,196.0166895255245,88.3742967626141,102.84037230637948
2022-07-25,113.62953247716275,192.78323785057472,195.78052417229102,87.2992998463159,102.5270224719886
2022-07-26,110.32773592246231,190.37809451473993,193.8780979311978,88.3604349665106,103.21916331678246
2022-07-27,109.38918774388371,189.03169122115492,193.53624544293024,89.92476728328049,103.76263902477731
2022-07-28,110.09094107331155,188.6288218633358,186.8095701844223,87.8453558124837,103.74556843861015
2022-07-29,106.64911975570004,187.0875730588691,185.20928062474576,84.26367707447655,103.32054590073481
2022-07-30,104.4946479746312,188.5635537946422,188.34787151330298,82.9557590329213,101.19541959083891
2022-07-31,104.3013078218785,188.1388283868269,186.48995752215833,80.29890024689202,102.65497703747305
2022-08-01,105.12610038643464,190.28758766049626,189.26753515245244,80.88822878972533,103.74795078557761
2022-08-02,105.60396484067027,187.7281951752374,182.3524643524254,79.948486908164,102.61455110805699
2022-08-03,108.51459522020258,191.63294112582912,183.7478791366428,81.53626995043422,103.25794434741893
2022-08-04,108.71671276592521,193.15638356656015,185.7965463617424,80.4870104883433,101.31740410214346
2022-08-05,107.65411993522062,190.47371950626376,183.2072026834372,80.87316124782676,100.82353908347753
2022-08-06,105.45444403787775,188.8392223217853,181.71525663470925,81.74623397759032,99.39604832146307
2022-08-07,106.20810477940655,192.82589355938475,181.44836822075575,82.15188131939166,99.86038770488985
2022-08-08,106.41862497510894,189.59434523182873,183.2582916697225,84.0004261372633,102.4241800389538
2022-08-09,105.62856084541185,191.18278843659573,187.70189791991913,81.77048563204528,103.96779528528903
2022-08-10,106.68312065274515,189.12928920575638,188.7502064035336,81.65679909054379,104.93099561945074
2022-08-11,108.40612797723733,189.96919416764013,191.70991045674006,82.27218623507783,103.06997883970378
2022-08-12,103.46945601846201,185.69086963796627,190.6575366897268,81.1670316192772,102.60027006320982
2022-08-13,102.79865222723905,186.25177602470046,189.39090828207995,81.12277335990176,100.7642452157404
2022-08-14,102.80597401071334,183.6880462922045,183.73361684880683,79.72969471711103,100.05981377479179
2022-08-15,103.28571255433609,180.64617914266165,185.4000053949023,81.94192443138039,99.32028114656592
2022-08-16,105.20949882920044,180.00718109156458,179.09702357890876,82.9825601420678,101.30241911201644
2022-08-17,105.84751753738205,182.62225875132452,178.49166976249523,81.52537391879257,104.09424879684697
2022-08-18,106.37774532784165,179.1821578488414,179.64406777974048,81.95977038427539,103.60845930206418
2022-08-19,107.06946120472563,180.12367514345584,176.99031465841202,81.4953554798652,104.73490115435717
2022-08-20,107.15144874819315,180.6647917719683,176.14404128671194,82.4474429575602,105.13233160189402
2022-08-21,108.85561091954393,181.78961797004078,175.8038682981895,79.92480388152183,104.7188649730763
2022-08-22,108.34625312622762,181.33910041874142,175.9573313240792,82.04440542271381,104.41156868889952
2022-08-23,111.19337032330887,182.52640481993842,178.11067828184727,83.82589509280244,104.36578659788928
2022-08-24,111.82922952232049,183.78632739325548,177.48239938190187,84.21094544041605,104.44165542826158
2022-08-25,110.54625076353595,185.0394625166071,182.52910082206841,83.42900124791635,104.20072961338707
2022-08-26,110.95315713453422,184.42442063955033,183.94838744630115,83.64856074145317,106.26036389343538
2022-08-27,112.24855979867937,180.53452310633241,182.0102515429101,85.14463511104891,108.32229851633795
2022-08-28,113.86292317168002,177.0233954802332,181.05836236342407,84.85922812922335,105.7533096982578
2022-08-29,116.26502773027129,176.45683358112845,181.67919303447735,84.13491031830995,105.9809569526179
2022-08-30,113.73760704670963,178.8321868178424,180.21224378418717,83.0488053721226,106.53144435575909
2022-08-31,110.8458128130249,180.90071928741745,185.99594990326895,83.37893211255869,105.9767485760554
2022-09-01,115.66581414688336,184.43784387448514,187.47124711272184,83.24167994721894,107.30941989268233
2022-09-02,114.05004635874901,182.79056227069358,183.90091612227437,82.64584572806909,105.67442504930771
2022-09-03,111.54485403049799,181.05442175010987,186.23321061679582,81.75581495693031,104.11274853799401
2022-09-04,112.12356289594328,178.66386716100416,190.3865976501652,82.56648863926422,103.94966068024112
2022-09-05,110.89945574895978,177.68828985938333,189.61860171703856,81.5950392249849,103.32331930603785
2022-09-06,110.35207075429612,172.23169259810797,190.63104103096973,81.46429598724735,101.73519319492087
2022-09-07,113.56290614812707,169.3184230954135,191.8761381851843,81.89280643490861,101.64336178115771
2022-09-08,114.62829673841932,168.22743441732158,193.89259588434285,81.65237056138187,103.00473613300267
2022-09-09,111.42152421785632,165.792375671937,196.6600819054963,80.3724369515367,101.45901641556087
2022-09-10,110.41574826675364,154.73750692503663,186.1964640008192,76.14663829288564,98.77975263558723
2022-09-11,110.99153156553,154.1622960414366,188.14638283265418,76.54579713000172,98.60877454362156
2022-09-12,109.97265567440536,153.97571933415756,188.60054103622656,75.40684999488383,98.28544758493584
2022-09-13,106.1784116912245,152.78852458136316,186.5322038849779,75.4635994746771,99.08072608822046
2022-09-14,104.23513965968394,151.90789230640144,179.74102872681482,74.3939262597863,96.72570390829911
2022-09-15,104.78775976964323,153.4174859050582,179.5605535758849,74.07112055883807,98.00571804585891
2022-09-16,101.85629346931583,152.70007829256124,176.76559303394583,73.21721680920594,96.13130562334257
2022-09-17,107.11747275758027,155.81898831015013,172.93870444451076,77.19946134845428,97.32763982582097
2022-09-18,108.26586478296309,154.48089539060942,173.78239057220642,75.94103725053411,97.78360871887477
2022-09-19,107.71084783206956,149.51705282650417,172.94902550610504,76.22342273398547,95.53357299672405
2022-09-20,107.5094839798833,150.7236006631362,172.956163114833,78.37321268672136,93.81529953838485
2022-09-21,107.83609545762114,159.0746161091462,173.99324948064617,78.93961896133555,96.0073992416573
2022-09-22,105.84362096820064,158.59118638685717,174.05868051406105,79.38295500643613,98.28265158321715
2022-09-23,102.46857819366559,151.9842055883755,170.2342640530112,80.89216628083186,96.77960391268562
2022-09-24,103.40381105224174,155.4231496602035,167.75398998251973,81.74108455530987,94.71883774371142
2022-09-25,103.82857155366845,159.14526361057966,164.88797560553726,81.75135672909269,93.81142287199141
2022-09-26,103.9018781538835,159.81429065112644,162.54964247808877,82.96174994432982,93.14327168611412
2022-09-27,101.34493867599024,154.69101889420554,161.07556527018707,82.29144683445837,92.88932262363338
2022-09-28,101.64583532980869,153.92244597154195,156.80413758626037,83.48701077002382,91.16024027201058
2022-09-29,100.76845884715259,150.3770311470845,159.76513807745755,81.46203992680363,90.19530743008598
2022-09-30,105.31274529935332,150.24842377435365,159.32798406466742,81.45808892266739,91.07867339856166
2022-10-01,104.59349911154557,148.02757531122285,162.05658996021558,80.3957499914137,87.8582673405605
2022-10-02,104.14318124373996,146.5268776280392,164.3532192106779,81.75788491685235,87.69473344448991
2022-10-03,101.3984574311109,145.04819665410483,163.47346624299504,80.29271164049052,85.78941563911822
2022-10-04,100.45649637054942,145.09476027052813,163.97205585900085,79.2172160913007,87.01346761428735
2022-10-05,99.01029427658948,146.11509452983293,160.84131971266646,78.93143078053893,85.42369218536061
2022-10-06,100.03380995958914,143.47337804894124,157.29139034410687,80.30721858348993,84.41008170606247
2022-10-07,98.80966814750161,144.43080193283333,156.60341030602012,78.65300499366853,82.38018007066471
2022-10-08,99.50022398144891,146.85346231009115,154.06818617028156,79.94098342999706,82.73471894688875
2022-10-09,101.16339433064505,152.09067803010976,155.85440233553362,78.72835551320384,82.6120962235679
2022-10-10,100.91665445571186,145.82319706402424,157.9099795925942,77.3137849070137,82.53606946198474
2022-10-11,100.80565504721254,145.54724468504108,158.0239759729083,75.56073983872139,81.0674882118365
2022-10-12,101.80740193434464,143.72200579931774,160.71932137351698,75.935875715311,82.02920002950034
2022-10-13,101.95307355474856,145.8672323537714,157.7529719422038,76.17242591557661,81.05653395503465
2022-10-14,100.50546618026638,143.61781807481785,156.9118850373338,73.32067593668506,81.96060004563472
2022-10-15,101.19388366349135,146.75545421040846,161.95198851727514,76.30553393734353,84.07020119690779
2022-10-16,101.21580960946066,143.5772444998898,162.27093959576013,76.9024384251817,83.23984985999964
2022-10-17,103.02211911803882,141.82930891565798,161.52977208161298,77.06303766148585,82.55877576085517
2022-10-18,101.94109144225318,143.04857558984838,162.67101060059215,78.05348616697232,82.65995951350946
2022-10-19,102.88725896448136,148.07165861042472,162.98510148560808,77.30203117458807,82.89417596746435
2022-10-20,105.04144702518327,149.28455167835867,166.0486762569512,79.31692967313465,84.24804955783748
2022-10-21,104.13325667813686,148.68558693120553,164.71065057049452,77.7664718790277,83.87516162807322
2022-10-22,108.42414097313512,152.70878911376963,168.2057809213907,79.9248971383084,83.57859903144617
2022-10-23,111.11876866687976,158.30635609985745,171.52670206848572,82.92559300940871,84.49072955003942
2022-10-24,111.97534235927586,160.41450308536994,174.64254821306758,82.15431504958165,85.24496115858031
2022-10-25,109.93878446582475,162.20937802833478,171.439634026319,82.29090681742176,83.59612290462772
2022-10-26,108.8702872435648,159.39746721580613,167.01194581915166,80.83489556552242,80.56435662094698
2022-10-27,107.99999288145584,158.9028238869414,167.64031670822493,80.95088486052218,81.69293981582346
2022-10-28,108.24526210589707,163.54867950949352,170.7347634110812,82.05318262214915,83.5291355131548
2022-10-29,108.04889777399002,169.41762922380298,171.41808292154934,82.28003021927702,84.19959953806814
2022-10-30,107.17793988676898,169.40253535896971,171.0094574823404,81.65987604557638,83.17206154786587
2022-10-31,104.17899088802635,169.20213649855697,167.77141065991242,79.36119815761319,82.24699066554513
2022-11-01,103.08903627353486,169.0632770938452,168.7281805029604,80.07775862399974,83.22144183774915
2022-11-02,104.61966161104837,175.27276440651957,169.8921800929207,81.07704291036369,83.6817655182112
2022-11-03,101.18179023966792,173.56293085411383,170.2554266711395,78.99713812649233,83.65010645144224
2022-11-04,101.7960306208441,174.75385268919447,174.38584773023172,79.63307783186113,85.42621895889353
2022-11-05,104.19311663844987,177.21730630318285,181.68866496087685,81.48760788294375,85.75232653863361
2022-11-06,104.06787806086126,172.20450548522015,187.14390835239647,83.82394103028007,84.77139271816037
2022-11-07,104.9926271508829,168.9986500173606,187.21652544078032,84.20093549489081,86.68559685325644
2022-11-08,102.54883324651782,171.51693238464813,193.82770820559458,83.56900060154324,86.60097596741223
2022-11-09,102.91650041225057,175.64957970298175,191.58699559663643,83.07361948419523,85.84930974020031
2022-11-10,102.60984279718137,177.0154275904429,191.57627395475822,85.08191290222528,86.48936039821783
2022-11-11,102.05336233925249,171.73409611669683,190.46522101251063,86.42144452594599,83.1239835500243
2022-11-12,102.20779460148705,172.41003975696682,188.82775584207005,85.68561747714556,83.23490273007353
2022-11-13,103.013247528036,171.0535984533531,187.9416142728575,83.45273003831375,81.53047515102234
2022-11-14,103.58377481240572,173.93279442183317,185.6289140146551,84.1654158234937,80.8145253341729
2022-11-15,99.18969185956871,169.616342114892,178.7109090406227,84.4161653926053,80.4550964026804
2022-11-16,97.39213475310255,171.0215885063993,181.50151026805875,82.86010291153481,81.1955885336004
2022-11-17,97.8538333514603,169.95194467951643,186.23913410413277,83.2842115125126,80.6994821729918
2022-11-18,93.94739195995315,168.07373204518365,184.17620959286916,75.06677566716029,81.59068076324593
2022-11-19,90.99897600260651,166.1495886737394,185.76255217508339,76.87253006441311,81.05602483177269
2022-11-20,89.081708133528,163.29835037705507,181.91605457848686,76.78306519234971,80.77663853129263
2022-11-21,87.14015551676118,161.37465918012654,176.3550341376662,75.97310579681373,77.76131524139859
2022-11-22,88.32895387073596,165.75886280843432,176.51436463674605,77.76862245356881,78.40132523765442
2022-11-23,89.2941381998123,161.81082449953067,172.7343397813298,76.8514435158799,80.21901574369005
2022-11-24,86.87449962711624,164.91525648193164,170.98114770961095,73.11254464635316,83.58184326872838
2022-11-25,87.43682807792494,168.0409645113981,171.9428109001701,74.84019102273865,85.54836087476164
2022-11-26,86.05364234375952,167.1661266713234,166.67523350425606,72.31836896243341,82.60804371877866
2022-11-27,85.68592262150044,166.12113442865962,165.01403035609283,70.97334250049818,84.6833864842925
2022-11-28,88.13771009083612,171.3874442219438,164.51068667301237,73.88405337811683,83.85600457557638
2022-11-29,87.52742802309966,167.8909703393478,161.46392899558998,71.62645448484916,82.85869727947443
2022-11-30,85.9875246465155,165.91967152208272,154.07039885503758,71.06564898718213,82.64625946981478
2022-12-01,87.6953439540083,164.9849575968743,147.12365266772613,71.59986000778581,84.6618001078641
2022-12-02,86.88574976193085,165.2366547718039,146.13495938149546,71.23229732437612,81.61724901500253
2022-12-03,88.24267437074532,160.49678336962137,147.30717227936077,70.08299219572467,83.30606663834182
2022-12-04,86.8625523855056,158.3850566699229,147.3578660083626,70.2276907156961,83.68574534454075
2022-12-05,85.29746066018876,155.6630825726061,146.22622507592575,68.66779611939789,80.83552422268025
2022-12-06,86.72494244235358,159.60455988087838,144.9130528627194,68.15290822910747,80.79955852513363
2022-12-07,87.08899422654076,160.15023684687077,145.48874916127244,67.71130614907159,83.12343472442832
2022-12-08,87.57570484101895,159.61097075468734,147.0896805438563,67.7989963882785,82.11079260795883
2022-12-09,87.49109589403132,158.54889001756536,144.73604588681522,67.89321080262994,81.86742656953838
2022-12-10,88.71264484619535,159.4907737108513,145.7908948757652,69.10834897325172,83.59693492697417
2022-12-11,89.62026884658636,157.68026081807756,145.11976832709132,67.67739088445784,84.0066315588749
2022-12-12,90.53684059280411,159.33294233796062,146.7154567846738,66.98482335171954,85.07138642720882
2022-12-13,89.57834166113794,158.055289738799,144.33948238352949,65.93634390360131,85.40801638055822
2022-12-14,89.46686817512823,160.20129751618094,147.05419756890942,64.58191830625137,86.68881240485466
2022-12-15,90.64820511355161,158.38922021620718,151.43914403069934,64.27073569254335,87.87161669336496
2022-12-16,89.19968710088638,162.97994602844295,150.77719252797084,65.22216804030117,88.06844433355354
2022-12-17,89.7584075434038,164.3799045159284,148.33452902810365,64.78876608118736,89.39311586688348
2022-12-18,89.31387780135248,167.46085114898997,149.0474177813283,66.20110234581375,88.33055883010638
2022-12-19,89.57027873420252,167.06338532827073,148.5004513562211,65.72451055042316,87.71452855445047
2022-12-20,90.8463536200942,165.5889452767235,148.4624232732876,65.66308966003771,87.58219685758635
2022-12-21,92.20092352536255,167.84081708929546,146.0488743966507,64.89117424008535,87.45350610150734
2022-12-22,90.05458874236881,163.48459772692607,145.87803220326165,62.47871743934787,85.9671916446239
2022-12-23,87.76150134935685,166.72139983370693,148.91261318772555,62.16171972777865,87.16231630967714
2022-12-24,88.44839148810055,170.49335701676668,153.7479047257613,62.6839912401784,85.44695585451106
2022-12-25,87.97948831654482,169.12825511481995,153.9639079946326,61.97221518666755,85.59471538601427
2022-12-26,88.18360234013099,168.85427064433534,156.3786928017052,62.4716871496105,86.00478458984661
2022-12-27,87.86266697251658,165.49647609876777,158.28767282447058,62.62935457004051,84.43099555407717
2022-12-28,88.46040159893727,167.86826140233566,160.75498102623297,61.41193952447969,84.65777517115575
2022-12-29,87.19955717176872,171.3541521129523,163.19811213168603,60.88837977068955,84.07206186671908
2022-12-30,86.53310522567321,173.15095103255587,160.0916712016166,60.980757639535256,82.96309191127902
2022-12-31,88.3854955140243,170.9728874571539,161.9546053220915,61.34805108656388,86.53493815441892
2023-01-01,87.044605465653,170.32359764539183,162.46175442220553,60.62717931975917,85.73984851987879
2023-01-02,85.40075044996098,172.9908817103934,163.461698129567,60.47240165458842,84.44030101387892
2023-01-03,84.37133116849714,173.8044871123715,161.25532996025493,59.08366632367756,81.99026311379554
2023-01-04,83.59616217960705,166.9741342470305,156.19212412781147,57.1394025302162,80.67201175415018
2023-01-05,83.20472245791038,168.00159760117933,155.17771557505853,57.04039899948926,82.14567293879033
2023-01-06,81.51230536092596,169.16107553739647,156.4038022402793,56.287811129750644,81.06162305037323
2023-01-07,80.96645953603861,168.9262637237049,157.73573777348534,56.99593595068389,80.87484543346386
2023-01-08,79.65930481760545,166.64409725958464,153.41684509009383,55.619022058763804,78.57489075677992
2023-01-09,80.87449074854428,169.008027552036,154.17243728416062,57.15112058959155,78.1418440249756
2023-01-10,79.86619263014681,167.2369067503474,154.50735861160476,56.41824791861055,77.7708965739788
2023-01-11,79.50598324526102,174.01396536335562,156.43274204750517,56.05147607303588,77.1965116357378
2023-01-12,79.23133420602971,174.59248353468553,157.9617307209693,54.62135000158388,76.08834453891562
2023-01-13,78.85282685357933,170.82650099786466,157.2776058676936,55.365534494989696,75.65176062083557
2023-01-14,78.99648640638372,168.74035576433224,159.0220188298555,55.88103118219952,74.73212517830673
2023-01-15,79.46564261409019,164.8959153705902,156.39210019565493,54.700152809849094,74.75213613441618
2023-01-16,80.76190680743133,165.11071619948686,159.8395869616182,55.48101101233894,74.15621438635804
2023-01-17,82.52281659878986,163.75416140319385,163.26039813397782,56.29833898950139,77.34760945040753
2023-01-18,79.25928757219901,162.59412962992732,160.71853932020997,55.58353269798029,76.05194104002393
2023-01-19,80.24065410520501,162.75803527160764,163.87197910773978,56.315397834078986,76.62133850886309
2023-01-20,80.95668230041134,164.2931967603626,168.15011897387052,57.770700805357656,76.75913505212536
2023-01-21,81.97535889515844,163.69019080513885,167.36107004702583,57.110079032088244,74.83568022745293
2023-01-22,79.86630643981103,162.02593641296028,166.1740801589916,56.366756901113654,72.61109279741915
2023-01-23,78.90824246069708,162.89345692556512,166.9192161137334,55.505192224112506,72.39962433543093
2023-01-24,78.59264804811225,159.48667143026552,165.72167015465473,56.01999201597543,72.81194309776733
2023-01-25,80.27901856192248,163.81953783046123,166.7991584877074,57.14193089336112,73.6181847545994
2023-01-26,82.09154148161784,164.48768029157662,168.34750647462036,58.55309823967325,74.19141659805554
2023-01-27,80.4971354961512,165.26006594699297,169.17657904936985,58.42026807743997,73.54398803099501
2023-01-28,80.83185554748763,170.0920505333003,168.10820290541278,57.390782963321676,74.07207169241664
2023-01-29,78.70250571122742,168.06507356347467,167.20154473390238,56.7134850849378,71.91122893131671
2023-01-30,78.35461210974907,171.61773321532982,169.0701816901746,58.00911929812496,70.52446096828523
2023-01-31,76.92347481249958,166.25900889436346,170.2620840562428,57.1513976792956,69.31509698494416
2023-02-01,77.54329790220969,160.4220043762391,170.35841546753275,56.09756327511055,68.40642214979805
2023-02-02,78.32091822594793,159.07168095270808,170.88297238551303,55.549636958637485,68.54312520262279
2023-02-03,79.42277724758871,161.34055331775355,173.7556380737409,57.29809344802104,70.43673588314488
2023-02-04,79.25130458054669,163.03923909997374,174.10385043478794,58.27593352647136,73.04184104948422
2023-02-05,79.43244003623617,154.7776993231217,167.2244779237418,53.63138158175849,68.7361823252676
2023-02-06,79.27898784266888,158.09940113898608,168.95230777521627,54.10640979305406,68.1072297330266
2023-02-07,78.19713629217048,153.46444923207122,163.15114874258376,52.64739114961734,67.80644878034671
2023-02-08,76.6884092190569,151.72684722492835,161.91695984288856,51.49382945060362,68.81506115570461
2023-02-09,77.3937994540003,149.7110511668497,159.00300124407636,51.05534803696677,69.06339245759735
2023-02-10,79.54012257557208,151.5225784919703,159.70413038464147,50.95577061366358,69.84402623699833
2023-02-11,80.3375591513684,151.81191806892704,161.00289127221754,50.4939962932581,70.4113928379802
2023-02-12,80.20851040606586,153.58003233828583,159.98120324582572,51.133376385436,68.06214458728027
2023-02-13,79.68818702538526,149.5554911125921,159.01801007884112,50.69917303076759,67.10291430289357
2023-02-14,80.30059307254568,151.52309305105558,160.35545786913605,52.31243923013716,69.19799174429087
2023-02-15,79.53385295036908,149.92464222197418,158.92776943715623,52.22301401441741,69.53511665200996
2023-02-16,79.48878749407461,147.2617920914483,158.7334336456154,51.51831991399048,67.53548906473125
2023-02-17,80.07095312833493,146.12801233214006,158.21002062419947,51.81624055147059,68.03887793054844
2023-02-18,78.80056468722265,143.14050659050065,159.45682015430697,51.48489867753542,68.40124446113688
2023-02-19,76.23521489792574,138.93546500975248,156.63062726881753,49.91497027967218,66.8355205943527
2023-02-20,76.32672216973845,141.83466824860417,162.33841674129127,51.50924330181407,68.2426166072038
2023-02-21,76.58281400516618,144.99413268980362,161.43213496199874,51.42164270288665,68.37299991843615
2023-02-22,77.75685244496162,149.36020602342865,165.09501656543048,52.48568306948815,70.35723549728449
2023-02-23,79.43764637427796,150.47933891422514,163.04862917674316,51.53996471579492,70.58436743596695
2023-02-24,78.62157359165104,153.6886093844778,161.47286058499688,51.65872779504071,69.98103753837015
2023-02-25,78.18869461766702,154.29231455494698,162.08500595467618,52.20978773972559,70.08990043664328
2023-02-26,79.42935682720078,151.29546784429021,161.07374368448782,51.00962845072623,68.33528223250066
2023-02-27,80.84886446248092,150.5026383367974,162.3712136017941,50.60008125656218,67.68144774479126
2023-02-28,79.63069115528754,150.72709565601602,162.52613248693288,50.34786050352771,66.13821434059386
2023-03-01,80.06120028320004,152.05901342950833,167.83156181385056,50.90133502005745,67.4866029690528
2023-03-02,79.84276443526919,155.7228248595827,174.57726179871736,51.691165192742275,66.34745163105534
2023-03-03,81.86060408632001,155.50871724711064,175.47052330010814,51.99832778422562,64.74760665975191
2023-03-04,80.45477160576915,156.34745032183477,171.86564439070912,51.533000721113616,65.1959223182656
2023-03-05,81.93482860606188,157.24659208332085,172.97660954178914,51.64425366528709,66.14539463650665
2023-03-06,81.43508305504088,159.51213613022622,176.2391489070659,50.771551224362625,65.6315962393243
2023-03-07,81.20713860061896,162.62399845155704,180.76369478755208,52.28856320639609,66.12719837964023
2023-03-08,84.6190812723111,166.04553089947424,173.98240595996705,49.32303942703349,62.39063544539751
2023-03-09,83.85259640559043,164.23404567538898,169.79685209112012,48.61383964321813,60.31645736282513
2023-03-10,86.90830831431396,159.40699091601954,170.8955162244423,46.184462420290494,57.60333117560478
2023-03-11,89.56227425011004,165.15198564503774,171.43226911402445,47.14448027982596,59.01880871512385
2023-03-12,88.78094131482736,164.7243475558149,168.34102860487215,46.33739900898744,58.25466911553871
2023-03-13,87.27744250579143,164.16144180085146,168.46733558901042,45.433125240994144,58.62730499009796
2023-03-14,85.00710335232911,162.7027989878313,166.83872966028554,44.87073104447279,57.09006973384483
2023-03-15,88.19525361595308,165.56528705797993,169.17577433952644,45.74891115772403,59.900983876349436
2023-03-16,86.90792741052982,163.65247472843294,170.4149321022244,45.10158160032184,58.894020060882276
2023-03-17,86.95444329479812,167.71712231639725,171.78385828797414,45.20476968437841,58.73569930726994
2023-03-18,88.15194883661597,170.73344276712933,172.6249847092304,45.57371786015407,60.128481635185715
2023-03-19,88.15435309734494,173.29572185784758,175.90002173007053,45.363963242923205,59.981845295076575
2023-03-20,86.44030662964339,170.66527660287042,178.32910381009165,44.81661773744429,58.71631419585132
2023-03-21,87.17515188391481,169.33657607057262,177.6295016502179,43.80711381811417,58.62733656158951
2023-03-22,87.07589952998315,177.7724474952449,187.5692428638943,42.72777881755609,56.343608582297634
2023-03-23,85.54989316952376,176.89757705957123,187.21340216276354,42.050317847892124,55.518741820320265
2023-03-24,83.46936369521345,171.73415610262384,178.7179271961437,41.216970542379,52.169577638579995
2023-03-25,84.68019729693572,172.63773005329324,180.60864375316626,41.19099041227084,52.158076012306644
2023-03-26,85.06326168209493,171.59398426763457,178.78651880715682,41.325475472427826,50.94374226479052
2023-03-27,84.20860839191045,173.97098904895685,181.63973890259987,40.75726789123008,50.24891479027426
2023-03-28,89.70357464735314,175.63024204233614,185.70883565081277,42.16288354099317,51.630928326402774
2023-03-29,89.05609538543463,179.62579447334699,183.72031472978296,42.04383457185842,50.90050203857916
2023-03-30,89.10006890729534,177.67731919275164,185.4894049326703,42.183501675208404,50.91759696721297
2023-03-31,88.73507321291741,180.42948691974024,185.34543778008157,42.08693729887152,51.75435883874423
2023-04-01,88.33635668591185,183.59470584271162,188.4199333852223,41.29695292988224,52.6070490262653
2023-04-02,87.51211270908823,182.47189702148287,190.42593408034404,40.51785767613194,51.69596761912378
2023-04-03,85.44731124949668,178.62545204213015,183.92345476974384,39.97031076507824,52.19963028794369
2023-04-04,85.46948079928748,177.15870531224073,185.5835906179202,40.06578557917722,52.29967499830684
2023-04-05,84.72901062560003,177.98764571978722,184.54967761683008,40.103931773033516,52.61248735227999
2023-04-06,83.49045087094484,177.06881961231386,182.7341160224932,42.158136455239166,52.355912120535436
2023-04-07,83.02959706481774,177.0823395874268,188.65117369255688,42.54513245139255,52.841989131531
2023-04-08,85.01272645801679,173.45363180650864,185.37146378082917,43.19894555031263,52.65373735839127
2023-04-09,84.17728886994294,173.98410392929492,181.58141945903554,42.688012722189775,52.28797955294488
2023-04-10,84.94010037552209,176.89928601878955,185.1002777477501,43.68891081228535,52.407988915737725
2023-04-11,84.57834837919359,175.9927628207355,184.70982091561237,43.35171156209562,51.66348708445002
2023-04-12,85.50710648574638,176.0054307619302,187.03213961813853,44.01202421031652,53.12429119596687
2023-04-13,87.27825026916972,179.33592559252796,194.3149332858337,44.92791943765927,54.19479607661915
2023-04-14,87.24976319606249,177.16540559887466,197.28895222041083,44.988432835811416,55.7547006312643
2023-04-15,85.16516280396033,176.1801583544036,194.7879273384741,44.43286446772185,55.515124425285
2023-04-16,83.71668847102913,176.1111993096178,190.3715820509049,43.78113934046529,55.41050617104632
2023-04-17,82.50867818238149,173.62844751961566,189.7746940818031,43.37963470945209,55.70231286726428
2023-04-18,79.74362644055839,169.9719614346947,189.3955490816954,42.67700193195651,55.40562931848898
2023-04-19,77.95890309625076,164.29541706001487,188.9718075278922,42.86302965361577,53.92907449091694
2023-04-20,79.21237527447475,165.87540178731476,190.487380901513,42.130646387053076,53.874759929145206
2023-04-21,79.17563092613872,169.6942797239343,199.09017329384648,43.1232966631817,56.60089420994685
2023-04-22,77.36769470221148,170.15976832972933,197.8144036212684,42.450911905392225,54.7809075764384
2023-04-23,78.09656845893336,167.34501666005596,200.77396294290125,42.942429582485765,55.888925678086935
2023-04-24,77.80816382914787,167.25080365819434,198.006044031458,43.675975019953476,54.75307657933312
2023-04-25,78.45074058108432,166.94775782981787,192.5937188982139,43.587900152158,53.183796508871644
2023-04-26,80.57681710363542,168.79715402190328,199.7789615005887,43.61411649271011,52.898191985069765
2023-04-27,78.68856125557659,178.026961348009,200.88946641792595,43.09536893889734,51.55217583819487
2023-04-28,78.44498321112715,177.56235620617323,200.9333311567857,42.87976642781936,51.91251286212992
2023-04-29,78.00579203362261,177.73347815343533,195.4127075310515,43.26690768527026,50.336734365366006
2023-04-30,79.57454103888124,176.41209787504206,198.91348369714868,43.25928980730736,51.79149861671411
2023-05-01,79.15570929317735,177.35664515610532,200.87510492181954,43.06854663104147,51.576112425153184
2023-05-02,78.606101098288,176.89814086006285,204.23530069939255,42.00332277135347,51.44947024613528
2023-05-03,79.36225460848074,176.0101223858235,204.63577320903,42.47682458369174,50.376462669822985
2023-05-04,78.91463837545054,177.03903024289153,202.8149807116964,42.057775170042945,49.87491342755923
2023-05-05,80.54876511058266,173.9941341118663,202.31007390054737,41.77911128022007,49.83502685110995
2023-05-06,80.94004379063716,175.46207703386568,204.6243290364954,40.48106266155836,50.711266954494235
2023-05-07,80.06530625952075,176.89711238301942,207.1865083324164,40.224844806288665,49.99282989866731
2023-05-08,81.496392770785,175.9030392115271,205.32990170276688,40.030329701055145,50.16665169147802
2023-05-09,81.44269976621787,172.92679495286347,210.25596253875307,40.06667214965985,49.69769627449397
2023-05-10,82.79585804912655,173.90402105147848,209.93596532551953,40.08967768835647,49.7544353577741
2023-05-11,83.56566438803235,172.8259208787781,213.23273641299335,39.85044488428497,50.13739509825708
2023-05-12,83.97754078837961,172.21840774171167,215.50291653125066,39.43824508652259,50.18281631992656
2023-05-13,84.86419392024042,167.9564223491493,213.48135784927476,40.58957503852327,49.83631063480854
2023-05-14,84.77696311384256,170.32682154870238,216.38529065549113,40.961832345015516,50.42675370276046
2023-05-15,84.66128960711411,174.161936803732,219.76444649041758,41.32584941169634,51.95299306260098
2023-05-16,85.03618953701479,178.17494130695187,217.29449118368555,42.11263140631993,53.939940554058886
2023-05-17,84.57260970408113,182.39213646034315,218.47804656276531,41.28937572472651,53.18821931437621
2023-05-18,86.00548800172517,177.46819496392504,217.3508008598394,42.96469447179719,53.385691971797556
2023-05-19,84.58860741599246,180.8024319088632,220.7655298874988,43.58982114277905,53.51983895411043
2023-05-20,83.81209697954078,183.67817578895452,220.33373371317796,43.79718279154104,52.931613015583515
2023-05-21,82.58461284780931,182.40097238739696,218.1811449743751,43.17459988162277,52.06275163464534
2023-05-22,82.455483524419,182.38010439455462,212.3744192206724,42.091599765915475,51.85903414681455
2023-05-23,80.4557928916994,186.76977462969035,218.64573398566927,42.88920249995661,52.88768911070951
2023-05-24,80.5729808347892,187.4549198051256,220.86615090131414,43.07456545226838,54.58491051098085
2023-05-25,79.13982185796189,191.8431713650522,221.19137388817552,43.36083584055655,55.71702455924146
2023-05-26,78.77083095277312,191.41881204243128,222.2008130093798,42.17291790867683,56.11443962725034
2023-05-27,81.70667133194014,196.08158250453187,224.65003687819066,43.59486822674771,56.51497474030941
2023-05-28,83.81689490583037,196.68354481991003,225.90513308703098,43.86520642990151,56.87319668395486
2023-05-29,82.6506890624795,199.42033860896566,222.62058618573658,44.39519813102046,57.661747156844406
2023-05-30,82.63936383021412,201.9178056955984,219.00257982485164,44.225989272102396,57.473086976518296
2023-05-31,82.57473925738638,199.5303933498859,215.190640639805,43.55156413165799,57.93578337893992
2023-06-01,83.20740062266648,198.31555345955857,214.8881081218663,42.92158114481466,59.373974645008985
2023-06-02,83.31547223866362,195.4611519959348,211.37670310182133,42.425113000704826,58.39309930231801
2023-06-03,85.98130632819017,198.13355422978344,218.0138367297086,42.57285840901558,58.14366394013207
2023-06-04,84.74639692388503,199.10499507948487,217.19991200933245,42.20668947861094,58.13873474617844
2023-06-05,85.66097699302698,204.02307255880862,217.88502020925412,43.22708900209574,58.76891353951064
2023-06-06,83.73755752366114,209.65482613608876,222.41535773634243,43.578667053598025,59.3231134970455
2023-06-07,83.41402968701736,208.05500632296943,225.6194476188402,43.594838990697646,60.71401054090518
2023-06-08,83.47435451403737,210.68094294323214,223.48700736574065,43.3610227764624,59.874329467975855
2023-06-09,85.16637467544803,209.10704795780015,226.86900050558867,42.37707812872081,61.1075782785572
2023-06-10,83.57573400984364,208.8697339309465,225.12382694440257,41.4794969575303,62.25258250865222
2023-06-11,82.82227457159324,205.04882752825316,225.5866605304349,41.821442108942705,61.80597513244645
2023-06-12,84.75270907762092,202.7352201218526,224.6340596264034,42.003460093498184,61.9745436609203
2023-06-13,87.32707701320723,203.29488985521996,230.18895579940826,42.54400882710388,62.98458270932199
2023-06-14,90.08841705684011,203.14084602145877,226.0281188487211,42.313676110947654,63.670958602934306
2023-06-15,89.68023107351529,203.807330205523,227.37240924152897,42.83976999861093,64.96268716850119
2023-06-16,89.80318718199041,202.1196177131533,224.26396015944903,44.63324283652153,65.65310566326008
2023-06-17,90.33642522432363,206.50305678813217,223.73796038732857,45.20056900556174,65.95159069236753
2023-06-18,90.10534232990058,209.2994230207043,223.5868172101628,45.709169863939636,64.66450479342079
2023-06-19,91.55708188748815,210.628310017759,224.05617024482413,46.17477029773017,67.06411743579059
2023-06-20,86.42885269988582,202.11210052713696,228.8012081348682,44.304506283231134,60.18148641958309
2023-06-21,87.11473900229907,197.56258844451196,225.31242727795927,43.74734529182102,58.64118171316155
2023-06-22,86.489254005151,197.2756387144873,220.475559439354,43.77812010862449,57.64740746433229
2023-06-23,86.40059088073816,194.4716326091781,220.20753524835771,43.23293001386199,57.543544106750936
2023-06-24,84.22276361418577,193.26688436069279,221.03626116371728,41.97569029085076,58.19679840083063
2023-06-25,83.3227124912546,195.28769926967354,220.33752967352683,42.627466421833276,58.62702686120985
2023-06-26,83.85097598666543,192.73076328066014,223.1645131553173,42.06637902317165,57.738654486462416
2023-06-27,81.35400781110907,194.68191378853257,220.23500328196772,41.274577785741315,56.38284704452828
2023-06-28,78.58066081532571,190.0460630604602,220.8950798493393,40.54840400420845,54.32376095290165
2023-06-29,78.21645035490391,188.81316151749596,219.062045027603,40.74884963065519,54.90152936079302
2023-06-30,77.87388596265833,192.10149750042441,216.36605129250796,41.5244494920621,55.031476975205806
2023-07-01,75.30954475040203,190.74067262072487,220.17534574591645,41.1490103491929,54.58974546314118
2023-07-02,75.6592388078894,190.050407578292,222.1675457814441,41.698884513356354,53.68739689532244
2023-07-03,75.95939961435836,192.5175042515992,222.23803221743142,41.39640792743219,53.33944540665296
2023-07-04,75.97662502807786,193.91770613462882,219.34402271684692,41.118617249794895,50.97657482610724
2023-07-05,80.25571927406152,197.88549757890232,228.1926975360535,42.13650629613947,51.13089644186278
2023-07-06,74.55184682635041,188.77153748004767,218.57568271928966,43.06539783834738,53.69986202260899
2023-07-07,73.26158684935275,189.07511141560482,223.2752081465501,42.96737970267141,52.03171538793232
2023-07-08,74.01643496811596,191.34956089813377,224.92710117839852,42.889250535104324,52.41971269151433
2023-07-09,76.43073371719628,190.90760095787326,216.90841543170257,40.39956534246314,53.75976383003151
2023-07-10,77.15642454067229,190.03248845253526,213.94651715040382,40.09847882981557,52.11136663435622
2023-07-11,77.1336779720498,188.64059680058295,217.7672093230402,40.907240121649785,53.744702063043206
2023-07-12,77.20296948796764,189.64391913731146,224.00299667773436,40.32564289262023,53.08575868860294
2023-07-13,77.20717871379946,192.38414466598374,223.65060801062586,41.091314113071135,53.25453595468814
2023-07-14,76.61669958760527,194.65829732233794,226.6222740519982,41.43340844046006,52.245359883643616
2023-07-15,76.0446786281822,195.61121691069238,221.1052252546217,40.59774507540545,51.89386319762443
2023-07-16,77.75526401956365,195.15276036093164,226.7836311768581,40.53786098283663,51.27950612842354
2023-07-17,74.78129225710126,188.57456197596323,221.28976275035558,39.741019172447864,49.452850478227305
2023-07-18,75.36597007853692,190.79160342472866,224.05667822330497,39.195856144398036,49.57650937646489
2023-07-19,74.21509346502692,192.17565623725818,224.89692247218682,39.257864157739895,48.99467058354391
2023-07-20,74.90995250730874,192.26038065378444,223.31309629138,38.92075455023237,49.90951718923767
2023-07-21,76.05077743710882,193.8665270753159,224.14562571567328,38.85140970946714,50.44309824114592
2023-07-22,74.16831698473423,185.76705239185392,226.61289664059652,38.39738494525371,49.45063177962554
2023-07-23,71.95762654842285,184.1455063806022,223.60453914219448,37.532245063232374,49.600360575156635
2023-07-24,72.69837235760188,181.29967577732924,224.58207404470093,37.119187571028384,49.17357327669123
2023-07-25,72.8316596717309,177.473635849521,225.62212259532427,37.065226873890765,49.40451968542107
2023-07-26,70.72816462369835,169.12762363233122,223.7534224967447,37.40889323923468,47.85676275714829
2023-07-27,71.77410537768492,171.61884119045655,231.18080551513583,37.633682668638166,47.66475859766922
2023-07-28,71.40010500681305,172.86087973026272,231.6589943011487,37.67237854345674,47.213843711887804
2023-07-29,70.94184810265796,172.5705321381466,234.31391942180036,37.415007562381426,46.011980067176644
2023-07-30,73.16577258624636,172.03378875700966,230.93483545608626,36.47270867326893,45.19967075585474
2023-07-31,74.86803302926569,168.03450408561764,233.38773123673144,36.12747172093679,46.05237152328944
2023-08-01,75.04272899686232,169.86684932696312,231.13028459292707,35.87193722343086,46.72879477612806
2023-08-02,75.05315371449508,169.79743625316573,233.5662090744269,34.966914065161866,46.830149692379166
2023-08-03,74.74234943912155,169.34560685196524,228.25757930408867,34.06904656677806,46.41885926142401
2023-08-04,75.3571345857348,167.84027950140162,227.56076959263888,34.77356108301059,47.17387741522838
2023-08-05,76.39923457964795,167.20967667208524,226.4385536844465,34.71331499232672,48.267243585393295
2023-08-06,77.12658908441746,171.23887503598397,231.51076058685845,34.409661044563414,48.920726203799695
2023-08-07,78.13271670026087,174.4434832641329,235.35136927480013,34.63080629709771,49.71149146647526
2023-08-08,80.01763229568577,175.59993104202712,234.6498519842748,34.39728835155364,50.102481363898455
2023-08-09,78.44908329972358,176.0324287707304,229.77251258712323,34.411474956719736,49.36501927205839
2023-08-10,78.11304469122369,172.74881991719693,228.02749323159944,34.89630831839038,49.34822018269869
2023-08-11,78.14334498965384,169.011904455342,231.146809107216,35.60678239073767,48.87425420203297
2023-08-12,81.41653151650132,172.18452141848863,232.05921823019395,36.03845005956971,49.60389887899613
2023-08-13,79.4161639056207,177.68745729192244,234.12555626486483,36.250112383758214,50.18992589600156
2023-08-14,79.02017143126245,176.73234293460692,235.68644761912148,37.17340217779416,50.82890201902281
2023-08-15,80.021456262739,177.48162893283225,237.67518270416366,37.768996964844995,50.66537073583836
2023-08-16,81.00001087491962,182.3674258931493,232.76610072575434,37.577663948672665,51.675566579533246
2023-08-17,79.33079123444806,178.61559280820035,232.5242620628126,38.03758274661023,51.4102018157236
2023-08-18,81.19970400119762,180.4287796236231,231.18092847361228,39.15819819057683,52.454043133938484
2023-08-19,80.11306523534054,182.42089230629793,227.81812955293836,38.91452612725933,51.605281427939694
2023-08-20,81.59459228029397,178.90166549347563,234.92659961465225,39.16500675299842,52.660733293723396
2023-08-21,81.87896833521435,179.40590567464363,232.70835748959124,38.652868987277934,52.21039055291689
2023-08-22,82.82522415601177,180.14731626153824,235.55533370955635,39.37286165275295,52.20810396889587
2023-08-23,80.92082924833086,174.9682136545537,228.65885554913066,37.99221217756785,51.498690695812385
2023-08-24,82.07415885889638,185.41123296163326,244.34629809121637,36.8288931767762,53.27792915931038
2023-08-25,81.87165724168088,185.61186020137765,244.8098244790699,36.54511077027225,52.58072144900792
2023-08-26,83.73522547511853,190.72594691111988,249.20354227504166,36.60118002636609,54.193466618449385
2023-08-27,84.39299809896721,188.44148170695925,247.71724807268276,36.945928040655126,54.27425275082811
2023-08-28,85.22660447505285,188.29483317488325,249.0155987674104,36.6327352733296,54.84626747645178
2023-08-29,85.14420280546899,183.79237500981864,245.88296378098624,36.516438817935715,55.22684416730209
2023-08-30,84.02994053698292,183.27581108843674,242.79437370806298,36.16222217697914,56.40202186731699
2023-08-31,83.65988563926383,179.77806702892934,244.7739274629307,35.66203772423706,55.25446034761632
2023-09-01,80.1747916914963,178.91135706115412,249.1632814649557,35.53947387156954,53.929525065895945
2023-09-02,79.42137206831276,181.7119903203419,246.80110517988678,35.892495098610375,54.85135011766122
2023-09-03,81.27753788589696,188.05180675058043,260.2981794126687,36.19878158208761,58.07012127260812
2023-09-04,80.8630186873348,188.59025813950657,258.51241321063634,36.096056691370045,57.42803544011007
2023-09-05,82.4539808064518,189.5675338751944,260.52838792517787,36.55615503058738,58.76428455851335
2023-09-06,80.44807607571768,183.16546919198817,259.2970313016236,36.02274011130312,59.090450294602824
2023-09-07,82.08607926374195,183.9844789257181,255.98135793850562,35.86631686323942,57.98696377947515
2023-09-08,80.7284176147457,181.723283988782,262.9621088766575,36.47582938731273,58.667652785326695
2023-09-09,81.45381782737289,184.81804782721278,263.206927484981,37.13866593146292,58.620912375515154
2023-09-10,81.47283742332183,184.13182780831397,261.3545382189014,36.72082165802218,58.79335764686273
2023-09-11,81.8575807239999,186.4547982564775,263.52075352184863,37.27663630568426,59.785674403609825
2023-09-12,81.50670875742107,183.84133043395187,262.9510272468811,37.296025792793486,58.418019601202836
2023-09-13,79.90740458911046,184.3389089047915,265.2818715701827,37.19572699889205,58.867291617762575
2023-09-14,76.98671780433892,186.26006946803548,262.62773941206353,35.95931512142229,58.44471441375121
2023-09-15,77.10452792440442,185.06331612385964,260.35974924633877,35.66477339259237,59.29149728930147
2023-09-16,78.42196242661079,188.64817307659382,262.60014605359123,35.27846902899361,60.405662001329766
2023-09-17,77.43166632175543,186.20678064288458,258.6695681975014,34.97108117962928,59.98768612615353
2023-09-18,77.82467047657147,186.4058628607962,266.96970629210495,35.26635314897953,60.120911520142855
2023-09-19,79.60168130990581,186.4070302180245,265.7473320711458,35.052885497875224,59.91250874598752
2023-09-20,78.35783544366929,184.48268134824573,268.3779952703885,35.72103108242314,60.46571950596278
2023-09-21,78.58949713304492,184.79041710483784,273.4630339983621,35.38897955799855,60.010983122571396
2023-09-22,76.9542765749316,179.61829295911465,267.237352029459,34.85647821708398,61.77011446685355
2023-09-23,77.61058474988593,175.1419865911211,268.1404299847101,34.385773598714664,62.14156290742223
2023-09-24,78.30506864928272,178.70073572730513,269.8802251281357,35.40310019329095,63.55836369887092
2023-09-25,79.04126039806943,175.87868675249373,267.4143580819858,35.278651179011035,64.11760194522029
2023-09-26,81.37655379536349,177.36275075701434,267.88377469500546,35.4588162589297,65.19938452027245
2023-09-27,82.2248438764806,179.64985142555568,273.7048903125099,35.79060978477701,66.55898191272314
2023-09-28,81.9345210623299,179.19302614713732,273.13788466156234,35.55506149310869,67.62603819990308
2023-09-29,82.33470685747474,178.9465397123312,274.1423289237181,36.2124098454046,67.43084277722988
2023-09-30,85.29340854989118,176.24772251782656,271.8251562685919,34.769685503334145,67.00327769058308
2023-10-01,85.36391259752165,173.45339728972453,268.27349205964543,34.31906569059364,68.32599664276154
2023-10-02,83.97966462933296,171.82401532020262,274.18580482386756,33.57566702158646,66.77457088448827
2023-10-03,85.51987647689879,172.74342030398014,275.47271663285295,33.788676104754764,67.4557859374561
2023-10-04,84.3195922948569,174.39905363387265,278.2505279082751,33.53627056516711,66.79825955128177
2023-10-05,83.66691987169878,171.80172671341262,273.342735053068,33.06884745968838,66.78063384669342
2023-10-06,82.90055799592602,171.54602484646182,271.60666865197857,33.04871762586884,65.71364364770585
2023-10-07,83.60256579869836,175.16521030810947,275.1405755650429,32.450718893072086,66.20926592896335
2023-10-08,82.8475804544362,174.79945852266684,273.08060204713985,32.76190028307155,66.7239083206176
2023-10-09,82.97707817265623,170.65867722908516,274.9856659304025,32.48923729596724,67.76602438628693
2023-10-10,82.83891519837708,168.90339723847933,278.6349722925954,32.26502828279135,68.42431688444533
2023-10-11,82.52649252613185,161.4155160800397,266.51977681024584,30.91030912923569,68.22934348655932
2023-10-12,82.36074776137234,163.85516373773996,267.3637924271783,31.11247650319424,67.9537423140076
2023-10-13,82.91716986572706,164.6011213068743,259.2932419681207,30.715821109476177,67.17665806511134
2023-10-14,80.63386923843734,164.08687329533467,257.28891943984166,31.48026636290374,66.69579284169507
2023-10-15,79.492909579682,158.9539644979736,248.44558763929075,30.474943999042804,64.73465354488215
2023-10-16,79.3185166413812,159.0369636981659,244.40233617515176,30.29878040610702,66.28373112751235
2023-10-17,78.93851894846198,160.85497355216552,247.81356146485487,30.026506030112227,66.24486272002684
2023-10-18,79.28805474487895,161.32221182152264,247.52075614678677,29.32771293652943,68.4571022699286
2023-10-19,78.23052728688315,162.09128207377444,241.55213675792794,29.287298591312474,67.51376982415952
2023-10-20,77.38922181753954,161.47066887172699,235.5199437788876,29.226184639047236,67.69297194899656
2023-10-21,77.7115466345398,160.40702594838862,236.94848998665492,29.03153783875278,67.20560037404859
2023-10-22,75.97508515821539,156.83727912889378,235.18515689320287,28.96835560212073,66.88501702771967
2023-10-23,76.89699887039443,157.37822991874535,230.3134779109036,30.15055817942533,68.86060088920757
2023-10-24,77.75065470994541,157.34465575360073,235.05143347784846,29.996667300867227,68.91777076156549
2023-10-25,77.21900806972747,159.58288473106396,240.77579174746722,30.81336858018161,70.27376362500459
2023-10-26,76.94233707934006,159.66054496935897,240.60577290088924,30.239831568378015,70.00324993565772
2023-10-27,77.603878030819,161.54839301277403,244.07019921760582,30.83599134060887,71.18771509625115
2023-10-28,77.14347188812205,160.5604393188242,242.53831193183797,31.62701237607984,71.84831970019255
2023-10-29,79.7553635612218,162.37999943395448,232.3243768647334,32.17863779042007,71.54359111830652
2023-10-30,78.8180266474028,160.73590058132547,228.89472322420994,32.724978893545824,72.70629215931326
2023-10-31,79.5738797948173,162.70614347672796,227.5627570593059,32.389265662260954,72.27951862948302
2023-11-01,79.87668332784389,159.8636461083172,227.65527689519902,33.28268988722046,71.363968592567
2023-11-02,80.5480060897482,161.32210756137826,231.54882143704552,33.28197932607987,71.33977082701264
2023-11-03,83.24926623860006,159.7436761888149,229.93935516222982,31.99289576317261,71.13269287756897
2023-11-04,84.59547969183004,162.35782522909525,234.6506106711013,31.879296710613925,73.27201349950874
2023-11-05,83.39659107619873,157.9463791474427,231.55265893556617,31.48956360379128,72.46183774058196
2023-11-06,87.74792171706183,161.95751230409263,234.33231074976925,31.55639868779184,71.66130355955717
2023-11-07,86.42611539404828,167.3661079885189,238.17696081029516,31.909370798419395,72.56357812511567
2023-11-08,85.77351893042466,171.1667156711176,238.3929100369592,31.968959519545887,70.62610315195417
2023-11-09,85.53954631282696,173.60436696256787,241.55032970346824,32.19475116334736,71.54968949571901
2023-11-10,84.87644753440483,172.26332283927033,236.9744932034997,32.15480531254682,73.55371082411597
2023-11-11,85.89443989291608,175.46455907626563,236.57796596085754,31.665555594670863,71.54819850434016
2023-11-12,84.62738421567036,177.08538419830998,236.79372808355328,31.200205911220245,70.72509320189347
2023-11-13,82.2583048547701,181.7003759737284,236.29028467806674,31.893670332242642,71.21737692623243
2023-11-14,84.7474396973199,184.35084196529496,238.122070261051,32.667166050452174,73.51138507397292
2023-11-15,83.51493849852352,184.26535801177778,233.3226385271405,30.812663168744127,70.87075547213264
2023-11-16,82.33191540198565,183.36990145655656,237.05198127670408,31.086146085485634,71.21256517613827
2023-11-17,82.58153610359591,181.40723943394815,235.03621471997502,30.153677020768036,69.44156233661711
2023-11-18,84.50079681257257,184.0162025323185,233.91342549480197,30.350512094014356,69.47182120978037
2023-11-19,85.54793396168226,184.30058831529357,233.8940619172727,30.45520693401851,69.54868494709237
2023-11-20,86.52839242379083,184.65396856249328,240.4652012049248,31.210962763576088,69.82596983493129
2023-11-21,87.60477643186816,185.76109754574185,240.93596024929943,31.370176805031733,70.0963697274542
2023-11-22,89.4833060154472,193.87549319652234,242.75903973326757,31.70049089682037,71.08589308015573
2023-11-23,89.63116914471472,195.62632078534153,247.7725314515872,31.237990447607203,70.74145056507916
2023-11-24,90.23883020624177,201.26071796310612,247.09161644011417,31.52197641724594,69.88707865223645
2023-11-25,90.09680471001006,203.08902509977497,248.43181785396342,31.034045004252828,69.45214618623457
2023-11-26,90.6214847349651,205.10482176831556,249.7346193953298,31.62637405658245,69.34117965742784
2023-11-27,91.20216084112366,206.26237799724575,242.08711853254187,31.436823735284488,68.88029427774326
2023-11-28,92.35918183008215,202.65249974256028,245.1974254765751,31.67988832603561,67.707145100227
2023-11-29,92.5523608106045,207.59419485802638,247.98532615157114,31.650055623886285,66.96093209653247
2023-11-30,92.47746212551357,209.217828982793,251.23389344395372,32.132301723753045,67.78963123807964
2023-12-01,90.28353392423992,209.76566896313525,249.8923126381154,32.076773004308734,68.56065233004266
2023-12-02,89.94565679296664,214.67478592186663,232.55909622488807,33.53149947019458,65.9770039553377
2023-12-03,98.6159232479652,237.44130099143703,232.59852270299092,35.71873033813244,66.46924669499042
2023-12-04,97.69414719987935,234.72551262097255,232.9528793305144,35.75070874705028,65.21365099150628
2023-12-05,98.36065951800553,237.31174033901976,233.82877988091437,36.30837997461503,64.8029132887075
2023-12-06,97.79140633570141,230.79007090621738,234.6902268049284,35.65280430942712,64.5027122488162
2023-12-07,97.55895929625557,230.57802503818831,236.21014862047952,35.29092337743211,65.66504692130688
2023-12-08,95.79641511211244,228.66668717106384,240.6495968270307,35.848415646853724,67.58778596796489
2023-12-09,97.02322766823706,219.74247685332634,241.82404408060472,34.956929842037184,66.10968722697565
2023-12-10,95.4527263596497,221.00314409456192,244.6666760904146,34.97830433691699,65.36478689353996
2023-12-11,97.77549258063888,218.54358964063908,244.81360666218816,34.4058217471987,66.56583012121254
2023-12-12,98.68467413582282,223.62183553547518,242.5507468349244,34.290724522614745,66.70875884433367
2023-12-13,101.0073136829662,223.72131856750772,242.46891924920016,34.11362770352861,67.56060324903888
2023-12-14,104.43949161130124,221.6902546992292,242.76843161200233,34.26508842689248,69.66226856611392
2023-12-15,102.4049641386177,217.3752516572001,242.02821032370426,33.49547544420065,69.42368183425226
2023-12-16,104.3901276402728,215.64425750687477,242.29893561385748,33.321889340322564,68.58618652813179
2023-12-17,105.57851618939229,220.1444584106444,250.26871956022822,33.6081849724814,67.35951840331028
2023-12-18,108.64461412237209,221.23965615511884,247.46929872690745,33.61143329804077,68.56732152693834
2023-12-19,106.34167857077894,224.51272050904717,247.14041579237397,34.390198521445676,70.28549920964277
2023-12-20,108.21204846233302,223.7166804692181,251.55441123512128,34.3517078981714,70.47993795286943
2023-12-21,107.94569842003777,218.0697967950336,246.31359184065377,33.88953714295377,69.99153534141259
2023-12-22,107.55243436914395,216.29024341417963,250.08191217060875,33.64095556019518,71.59081691881963
2023-12-23,109.42808343588001,219.44133253376597,257.9741928051085,34.19750637955295,73.13276154032897
2023-12-24,109.06237492539587,210.67352505930018,256.77978286942744,33.550689594813626,71.91215583997975
2023-12-25,109.09404218751014,210.9665853924623,261.158420751297,33.471027814812835,71.79894139539819
2023-12-26,109.19157518267474,206.00958145547068,260.0846192145764,33.51993802780308,71.81062473044618
2023-12-27,110.51344338006531,206.50590014660605,265.2411047616565,33.553107174673045,72.90992312823558
2023-12-28,110.97909352531097,210.03166154904196,266.57199859133675,33.411667464967216,74.60910178865083
2023-12-29,108.63781912532856,210.05747044064253,259.0137502101666,32.77846613876551,74.21612408285911
2023-12-30,109.55652834618007,211.0085419104965,257.10110623307907,32.67694466478479,73.38530063928725
2023-12-31,109.60082379575726,204.35967807862548,256.7961897936105,32.55680008725228,72.36254179461406
2024-01-01,110.40611872394165,204.09580395910712,255.49322246888178,31.75482468639797,71.19653015969867
2024-01-02,110.59656070267141,202.19567005919274,254.3287332138183,32.321772733654576,69.70605986724708
2024-01-03,110.09336234202574,202.34925199467745,257.14749592537254,32.1163467161685,70.92920129688116
2024-01-04,107.53787947455444,199.85502025413734,252.36197560251108,32.93602073379385,71.00578987800898
2024-01-05,109.38629680172825,205.59866015545305,252.42971189985158,32.10783750038015,72.34903095651423
2024-01-06,108.93919519570325,206.01870254304998,251.75183214212154,32.076834893066845,71.34067087492373
2024-01-07,110.52664564475559,204.0401345945372,246.20844207095854,32.37702145480071,71.7817554080872
2024-01-08,109.77920116721108,206.65369169357322,247.29899241629388,32.29252862343569,72.81371275701177
2024-01-09,109.21573335946135,210.73649374976404,248.31994949192332,32.32239892797962,71.80114135618379
2024-01-10,111.03268688937263,215.71064919482882,246.70806383581342,32.75514035531628,71.73758596054014
2024-01-11,110.58450615813874,218.74981789357702,249.04690408426805,33.69271452316961,71.8537497765389
2024-01-12,112.01575775670184,212.81109223776372,247.47114129299365,33.67669783955046,70.53568089799505
2024-01-13,111.29560627854828,208.69704101106058,250.15020490108756,33.97112629221618,71.14395638557446
2024-01-14,111.17812163677405,215.6599320772753,247.15515953746763,34.47338040782158,73.16234271084798
2024-01-15,108.93853542547559,211.39292746809508,248.83108906186064,34.862040284363495,73.95513140393989
2024-01-16,109.52738536576794,210.7300188060274,252.13405633396033,35.06550993239545,74.6572082630102
2024-01-17,111.664794653851,219.62376784462577,256.65795085804285,35.081881941010174,75.2642807205382
2024-01-18,111.45970193387647,222.28839069773676,258.46644280947845,34.66299867235378,76.74921838702718
2024-01-19,111.86246385288176,222.83659306956721,260.84742479268726,34.59378968920905,77.14804190010261
2024-01-20,112.82226994670309,225.14191249986126,261.57615823085104,34.72096859584612,78.41576793810644
2024-01-21,110.92965491922173,224.72809307375516,265.12722461256,34.63356097569773,79.2275353256867
2024-01-22,112.0359778811365,220.82211015131844,267.05289364556387,35.47030364990581,80.2438031172225
2024-01-23,110.59316546156757,224.4984494478049,262.1150229160158,34.55725438520947,80.13042047947009
2024-01-24,109.16351428468576,225.72667738511143,262.22081163952106,34.76186574497201,79.25897547446768
2024-01-25,109.53385968020899,214.0900631425118,248.30767885718464,34.295167630365576,77.3677712284062
2024-01-26,110.75756089807709,207.50415775612908,250.02984258207394,33.91084302030543,76.66145776491008
2024-01-27,113.26333377344774,204.54564965301884,247.9125163157787,34.623014055132295,77.04944021775304
2024-01-28,114.79961539803611,206.64773410469815,249.77403878271068,34.65841174695325,75.33875350884584
2024-01-29,116.35013691505247,209.12155780515351,253.43970240183026,34.74275360643601,75.18032849410157
2024-01-30,118.61024926351047,210.8572220642319,254.28270920566754,34.078969148332106,75.61474401926333
2024-01-31,116.53942223820255,211.5202871127303,253.23515902736992,33.75252483207075,76.32370056893532
2024-02-01,116.89095536782027,216.73353687671445,255.52327274657148,34.73849373035497,76.70848999930905
2024-02-02,119.45610567741271,213.92234251733294,254.84042567434483,35.328045997745726,78.20352314793219
2024-02-03,119.1730398603538,210.80192689092806,249.7021614870662,35.400118030377925,79.74777165011422
2024-02-04,120.32747242665327,210.53916113377846,252.5908881447825,35.19208714296929,77.67982820427872
2024-02-05,119.58871092448025,205.4447498502865,255.48793291268393,35.64469570406185,77.28958709765708
2024-02-06,121.88785593979968,210.19278311786385,255.0833144020597,35.355968005378834,78.21172637738118
2024-02-07,124.66437976855873,206.63187331417882,255.8932961989584,35.335213234731896,74.76419234824903
2024-02-08,125.04915230871221,207.13157344972785,257.5339858661844,35.49388797722264,77.1567007825215
2024-02-09,127.27270298231544,207.4606433640295,258.9991751646849,35.90014518264814,77.88633440366526
2024-02-10,130.71068116694542,211.75457451620363,257.417665417461,36.65306391926409,79.98673634932292
2024-02-11,133.94805776774714,214.9266546784487,255.32829856992453,36.678703591646446,79.74101430526414
2024-02-12,133.69015772014265,208.6111163358687,258.8752465941811,35.78448834091713,79.61373396728648
2024-02-13,134.19563383411526,206.77519480439793,261.2045495626905,35.779365228591026,79.35845049226951
2024-02-14,136.18754580246724,211.51495115691068,261.957326067238,35.29249393210854,78.86433421848294
2024-02-15,140.05334775888704,212.8695979609564,261.6450302364096,35.616964408415335,79.54140025051207
2024-02-16,143.72482134279798,212.5857921243788,268.3097637483697,35.815381642134724,79.28994884851373
2024-02-17,144.2926970369114,213.0029764014688,263.64197997659664,36.261257613968034,79.39258484731262
2024-02-18,142.3190017180019,209.84870191033374,261.6490536407438,36.06184426882615,77.51056490527166
2024-02-19,141.69457581460674,203.23254972603377,258.14855372487074,36.211776381962544,76.557227716178
2024-02-20,142.90038252640304,204.66286971150504,258.06167209177374,36.655334264063974,77.75736976181109
2024-02-21,142.3783710604543,201.74717348631307,253.1977912629835,35.849924241694225,79.19684764174576
2024-02-22,143.06957891664462,204.107950243012,251.78161683868524,35.70094437742455,79.42798853624902
2024-02-23,141.27739038921715,202.1363776845934,247.8593203016822,35.808195577512706,77.37241077467164
2024-02-24,139.63442531488687,203.9881179422673,245.20690072268158,34.781645766968566,77.58819990052899
2024-02-25,143.1540357899926,210.55701730132404,249.81916478573504,34.75785845307941,78.38129126466298
2024-02-26,142.0354892259682,203.33710825523164,248.6256759219698,33.420457077678385,78.058562864817
2024-02-27,140.4734836744886,193.78261585902024,248.00505380452947,33.263013580607144,78.6744323271178
2024-02-28,141.50926545227912,193.81186315724065,253.40542575152298,34.30074001963881,79.27040146949113
2024-02-29,142.2770420841746,192.07955580422146,255.04417097753176,33.48158701931054,79.69282144365535
2024-03-01,141.70430801311647,194.78086910452134,251.5508067487419,33.297137813069476,80.6114995053618
2024-03-02,140.60624364868485,193.0118279651562,248.7458797941266,32.88503857149528,82.0710512010408
2024-03-03,143.38938961158883,195.35318451222795,251.07381713756703,33.24576170196606,84.3634860788911
2024-03-04,144.44628744669123,193.97363163486406,255.80425640803645,33.74196711542847,83.78044641827317
2024-03-05,146.07992909274373,192.8889569531563,259.06444321214354,33.80097135106467,85.92825925733774
2024-03-06,145.37962328013617,190.77727825932467,255.95064338431604,34.335984467269256,85.2553761961903
2024-03-07,142.9809132993183,192.51500224018122,253.38229424324328,34.21393568448926,84.82772883244917
2024-03-08,142.95651383324056,195.7747388681183,260.07191656205083,34.1702356875058,86.31924569577022
2024-03-09,140.6140463114617,198.15940350843266,255.68033211344846,34.105663573650574,87.19984063286259
2024-03-10,140.3749206086142,198.9527971495744,259.965701205203,34.39019261757499,86.0597258212648
2024-03-11,138.42659906594727,197.4352937424026,256.07985960124836,34.090891934888575,85.24015847702772
2024-03-12,136.65448284881367,196.15448922029128,257.33859166277927,34.08920197276455,86.91813232845077
2024-03-13,139.31335087000787,197.64561293040896,256.1660811816489,34.11172247355675,85.6213348844682
2024-03-14,139.10829277588164,197.50298457153215,257.477149042459,34.14874576901003,87.25444931752938
2024-03-15,137.70222809538194,199.67834893192017,252.21419439103437,34.13910921258544,86.0555022862675
2024-03-16,127.08668157051434,193.93547674611597,251.8556120785155,33.80881592379439,82.02961798930147
2024-03-17,123.82897656596147,190.56586603461787,248.73070149502823,33.40617078252536,79.55166116095586
2024-03-18,126.0119036759072,188.78728845638364,251.5527373138688,34.34341459743445,79.5282045574813
2024-03-19,128.8889890646298,192.07868446986436,257.1884641305284,34.501597619737176,78.65947472809754
2024-03-20,131.82872561228413,190.1280335394005,258.93759592998464,33.83410528582161,77.54812510577946
2024-03-21,131.64288867004132,194.49185574493325,259.72766549406447,34.13260071233952,79.42214336204678
2024-03-22,130.87353010880773,192.3754817627371,258.99762486490073,33.31066669896274,78.16542185798073
2024-03-23,132.2759153161385,192.06116762319357,255.41925692070703,33.87138595175425,79.6141771181412
2024-03-24,132.61135169135292,190.98127451387293,251.8490688654321,33.62299373540644,79.19309751474967
2024-03-25,131.96098208654448,193.53605514126465,254.95259725418376,34.39844149318959,78.68409072854855
2024-03-26,131.30966847369652,194.49069292707603,257.960948775572,34.53326808376456,78.11132234739044
2024-03-27,135.02771473054787,197.67573059002405,264.5145628350978,34.83321172066046,79.09913062025674
2024-03-28,136.9127987538775,200.9115482843241,268.32957929815564,35.21736351987795,79.55476058446321
2024-03-29,132.51085119471747,194.97083246938092,267.02600182607046,34.78378599881338,79.20760543160202
2024-03-30,132.66546392969542,197.40614599184906,270.1332819524303,35.41236928030546,81.50199807145496
2024-03-31,133.17873888309538,198.43887576910532,265.0481411970853,35.09365169977748,81.05267075530459
2024-04-01,135.32061932625822,196.73830218865922,265.48685136544884,34.76199935455041,82.08356774561001
2024-04-02,134.84522072555825,195.21289454997273,262.9281199441915,34.82648861525254,82.57316610921076
2024-04-03,135.34276019419463,195.3382106012414,263.34189230723916,35.0804290539188,82.43817368545598
2024-04-04,138.23818694795006,199.99000071551595,264.1026813507735,35.34858983190098,83.92303682568411
2024-04-05,140.49868880639391,200.1615738758623,267.79864235759914,35.900615721479234,84.10625437318225
2024-04-06,138.22986195165322,199.34133429513787,268.92349414965736,35.235753581141765,84.90799682585477
2024-04-07,137.47677566161212,197.6781570568018,272.61148005147186,34.94877210085671,86.15059658993208
2024-04-08,137.30816464190573,196.53750515812516,271.3825117269065,35.035988520501014,85.83540109533439
2024-04-09,137.1157763648206,197.21149072156047,264.8121772155058,34.69779808078562,85.16279075724044
2024-04-10,132.8128266366122,194.81284709996046,264.810737432137,34.350191929790896,84.7339712108317
2024-04-11,133.8083450671492,192.47954560274903,258.9842503386498,34.907085992419006,86.22757129032063
2024-04-12,134.1779623676838,192.56980975604318,258.27554535714864,35.5271705238264,85.39096046891991
2024-04-13,137.36437780765226,188.81627770741588,248.45250694747827,36.159351503036824,81.68638368021806
2024-04-14,137.90239591132104,191.47807902013707,244.5174739751148,35.72130102003166,82.90758477881015
2024-04-15,139.96993332303913,197.31895966785163,235.46032266004906,36.232933958021874,85.07514648896598
2024-04-16,139.13654068992034,195.45518398616554,232.36669580668257,35.536606817947806,85.20035978748655
2024-04-17,144.01022469075826,196.12772910063052,232.393448056506,34.938592237781414,85.51230169676745
2024-04-18,142.54405029759232,195.39458593528218,228.804451571031,35.32236875374304,83.7907010509688
2024-04-19,144.51252134398123,193.88774579132271,225.30842157941893,35.6422139637772,83.71747103362377
2024-04-20,142.4338058881684,193.04296162079982,221.43511679710173,35.204771603474526,83.62373416096497
2024-04-21,142.77253997067362,196.9192047821106,217.46642260579517,34.84888945177089,85.46482876484701
2024-04-22,141.25191974512117,195.84722517961546,213.4876823903111,35.02762883635508,84.23817496277604
2024-04-23,140.5113721024808,203.4684249562844,214.38667830909503,34.358553586128075,86.20340149625406
2024-04-24,139.35681090392688,204.0723075467738,215.07245040433264,34.07530250961259,85.30274500516892
2024-04-25,137.31480312708334,208.4626111099878,214.1219575832812,34.7961392704639,87.11079623675516
2024-04-26,135.27327527705364,204.07830070978258,207.074134765324,34.07447871797646,85.98009529453404
2024-04-27,133.2704110084205,200.7583384037867,207.62456210939263,33.986557266211165,82.69862231466013
2024-04-28,137.23548511825607,202.82817187481922,210.02580399000442,33.86691601412795,82.85271315680686
2024-04-29,134.09067875270904,199.27235130963953,206.02991930279464,33.55008449789398,80.78671049552467
2024-04-30,131.764475848176,201.20137796039796,210.6780712055739,33.87240166004425,82.08150275941613
2024-05-01,134.22638285322677,202.98874178533424,215.10486787325542,35.09371736604651,82.11426227682793
2024-05-02,134.00081615877693,199.0689458855671,213.09356407426134,35.11080646391316,80.52123003731366
2024-05-03,133.88747142413217,197.72951875744224,209.515114416178,34.738803038422645,79.643055159133
2024-05-04,139.49746812751832,201.95500598216725,214.69250078332755,34.938111451398065,81.37127053410336
2024-05-05,139.0495906022292,205.90314863947225,214.58978148834802,34.76970964538918,82.4818724092071
2024-05-06,138.95739347399135,204.20828171336743,216.00577611955845,35.081806593607276,82.64682686887966
2024-05-07,140.72154251747241,209.1499660124092,219.21156842699565,35.438756596528904,83.27575863322066
2024-05-08,139.54837326467108,211.55923663502787,220.5572735719091,36.26153065798684,83.80449346419049
2024-05-09,136.31209275321123,213.14572549375725,223.27479827774178,35.9426899634911,84.17697114369234
2024-05-10,139.2827951803949,218.94348467588054,225.71504067340834,36.41683223236055,86.43774430735766
2024-05-11,136.2095261746595,223.5377550442826,222.4220211880112,36.294054837979566,87.54111425773107
2024-05-12,135.03656624969327,224.04850569082558,219.6305140396204,35.66436085212252,84.65080289186194
2024-05-13,137.5617178024513,218.60487941978243,219.31545021529453,35.43396654064734,84.26751377750067
2024-05-14,136.10479582737534,219.08448677930792,216.49961035809068,36.148477213431356,85.43175157058354
2024-05-15,137.79272176552448,211.77149162726778,212.9603039752846,35.26801846429365,85.10873697252269
2024-05-16,139.83761193386653,210.5506745843822,211.0281632790967,35.74263189919379,86.55494576179193
2024-05-17,138.50021583085137,202.19307679754465,207.62542834935905,35.807778611313736,89.22826841159666
2024-05-18,134.53184108880995,198.48211433101258,203.57375718429398,36.44619539882143,88.4702708572945
2024-05-19,132.73982500042385,199.29984358667244,202.0179493774652,35.73026197412376,86.9098956808134
2024-05-20,134.5365356177871,201.61810537079745,204.50770033497818,36.423513320541325,87.71261297184742
2024-05-21,135.82089342334427,199.4118540270626,202.722910920101,35.38584836262355,89.59733639024088
2024-05-22,135.302798282899,197.95338711981418,201.18586715787788,35.375515698671556,88.15109011661453
2024-05-23,132.18282826782945,196.92262308427033,199.58444472639624,35.53661825294581,87.5901959912363
2024-05-24,130.84243431602772,195.13014016973335,198.74358664176117,35.31203824404692,86.90156413293145
2024-05-25,129.16776838208386,192.19139960126014,195.96841273169284,34.85494481101588,87.01992721620162
2024-05-26,131.35514240639182,189.5953915317932,195.78823806946815,34.7744887391699,87.21537591958216
2024-05-27,134.44587920074594,193.82757709617744,197.31444953300996,35.30912506589127,88.1199578667603
2024-05-28,135.9999418152225,193.59868256888487,196.6927514542497,35.595890630957186,87.56039958837816
2024-05-29,136.41666929378536,197.8203322931693,192.77869670706667,35.29713775468109,87.40164993889121
2024-05-30,133.06611857664564,202.33960562923707,192.76431111883778,34.34992197649934,88.41901877348967
2024-05-31,131.601091023304,202.04540045510532,195.0432202906388,34.62329883168238,88.00667034388955
2024-06-01,133.59673744369343,196.27600907105258,199.65174054976626,34.317191324609844,91.9845275345587
2024-06-02,132.91424451263546,194.60870188044663,196.94200668482588,34.698652719635014,90.12025489698024
2024-06-03,133.07229025232868,199.40024110215526,197.3889631555568,35.51964870193365,91.07361330556462
2024-06-04,131.0686530541264,199.56704159541428,200.53413877665488,35.816518280642285,91.46610111761804
2024-06-05,130.30341643255514,201.62265967211388,194.18573598886888,35.14005749125324,92.00747965023471
2024-06-06,129.8423302919514,200.2359243567992,193.8523944744532,35.27998621154321,93.74115355046006
2024-06-07,129.47794945745946,198.93982280029624,196.2506423204234,36.2730983012411,95.42556317280868
2024-06-08,133.79217085493784,199.31742992978826,196.75703421978542,36.706055790245564,97.5495348591914
2024-06-09,134.17188279896584,199.0815646001243,199.08369127465375,37.42713798430001,96.06444451968675
2024-06-10,133.00239093578716,196.76753324381932,200.8474497727859,37.58034586654336,96.74613131492718
2024-06-11,130.48060616743246,194.82562258288363,200.44156013334123,37.07315095688841,97.09468522778391
2024-06-12,129.39780892462846,194.2231255112386,197.6955108454687,37.197895858423486,97.56973507164571
2024-06-13,128.21112886086263,188.10497410231903,196.83110661818628,36.92090167047351,97.49163340796926
2024-06-14,127.80177582871504,194.1845995304002,196.142222278232,36.624698968402214,96.52012822203027
2024-06-15,127.22076630955873,191.72956741508025,196.94275767869084,37.2388444907113,97.19438418388661
2024-06-16,127.56814070682138,191.44288096184778,191.27559459512867,36.88290314243792,96.76030436903658
2024-06-17,126.74704220760441,186.86872723212167,186.97030144677504,36.49894727943956,97.01076295183051
2024-06-18,130.0121058444844,185.43306245685946,186.873495938369,37.36190619803298,95.8008114053917
2024-06-19,128.69426398597724,181.76607047527577,188.2164033525872,37.36655695713857,95.89518485921725
2024-06-20,135.34116588089506,189.49807268799194,190.52718613140175,39.50654214153562,101.58463312200581
2024-06-21,131.0644723577007,187.48445743609616,192.0184287621072,38.86818022977258,94.36423076696691
2024-06-22,133.60932625357216,190.92302104966146,197.85972497712237,37.88582075709928,95.55442501712875
2024-06-23,130.28712224400505,191.6828988585083,200.69409265463173,37.72342176495475,94.74668329994425
2024-06-24,127.91029082392485,194.9393540634943,197.92423755357703,37.900604185809506,93.61245765035625
2024-06-25,128.28594589783867,197.64455265298253,195.34468287956372,37.578435883971075,93.78029726049466
2024-06-26,133.01813596976862,198.54902538342904,189.40152080525877,37.3130160886529,94.21274920406049
2024-06-27,132.9087020354817,194.57160907000787,188.30362921866933,37.896638045414285,93.27801354394951
2024-06-28,132.45614070547396,196.45444812701535,184.79373281059162,37.73939136043848,91.20507435182186
2024-06-29,133.11004007942842,197.37869039287,188.14422795346158,38.29130922949609,92.05966551947478
2024-06-30,136.20382617097263,194.10390644771422,190.70027717797154,39.152794668405484,95.81162937648135
2024-07-01,136.03339644601112,195.51930538434377,189.28407278326597,39.37276195485415,94.46431130976903
2024-07-02,138.68629354629766,194.09709112238508,190.54170153339768,39.61527596358307,95.34036244210229
2024-07-03,141.77191363234562,193.5746503929752,195.86350420830357,40.50534861302981,96.04508423041062
2024-07-04,136.71391634125567,190.41691807598625,189.81883424623436,40.41723761527578,93.7649113205979
2024-07-05,135.78785833926142,189.42773926628246,189.22847897455986,40.185949319237544,93.67025042056649
2024-07-06,135.69983187898882,191.90744585230325,188.293642698703,42.954951713703835,94.23106884824486
2024-07-07,135.97947159263893,193.75031964712852,192.01013749260727,42.3392605911267,94.1738232677104
2024-07-08,136.92105027233077,196.343389642468,196.96207912443938,42.06145395494309,96.50061509851226
2024-07-09,134.81462114742436,197.36505764261844,193.03117470488203,41.636551186363974,96.48126370259759
2024-07-10,134.70782436390115,193.65198511500046,193.2075735717343,41.85738106722145,97.13510570340257
2024-07-11,134.94325306303583,193.84708782044282,191.3410202880327,41.63557746638001,96.95713779053342
2024-07-12,132.21482527271317,193.86671084688356,188.01055310271585,40.696617300738026,94.38973033065054
2024-07-13,134.96187867610058,194.69332576341674,190.2159839607636,40.70213399154437,96.13492749484986
2024-07-14,135.81365585766525,196.28781577649406,185.6456722901443,40.96205075484643,95.37646623778362
2024-07-15,135.60063416768884,193.00103486869236,183.12921646362727,41.36658720909329,94.4285604513311
2024-07-16,135.919842243833,193.94530630245274,182.6995774540294,40.65558763553589,93.1272555135055
2024-07-17,135.37619034574507,190.3851045637748,173.98733350248833,39.090009519863194,92.06505262182709
2024-07-18,136.06550044417352,193.26530589581276,174.96954502078844,39.66206547222178,90.46570948218732
2024-07-19,130.0698595557064,188.74848907624838,173.81101978812592,38.70840139327898,89.74278966204687
2024-07-20,129.97868811277462,189.81854940431703,174.43083808129916,39.21999750833319,90.50588133332417
2024-07-21,132.3707851263013,186.35279651503168,174.74573035038947,38.591825603481155,91.23374867228877
2024-07-22,130.74357462282555,181.57659619580315,171.78221456804593,38.62827030496994,90.86933215142865
2024-07-23,133.59904232007457,183.75687147576016,173.54455142012577,38.924667431549274,90.2079050703954
2024-07-24,133.19502065565672,186.08562056248547,175.16978449032112,40.31761789433175,89.74834445844634
2024-07-25,130.08410153205975,185.85540153093442,174.13169787855668,40.42600991525737,88.14373446301713
2024-07-26,129.07010158173898,186.47055659129708,176.7046002437348,40.43277136880509,88.5392495905107
2024-07-27,129.10270525396953,185.92409882706454,178.4191023740548,40.28414990608179,87.90888227849321
2024-07-28,130.9037116772523,186.25455855732378,175.29852902409974,39.353395821637406,86.85609577607646
2024-07-29,129.51930447354422,188.31785571701184,173.45091103529757,38.906973271195895,86.74863964945072
2024-07-30,127.42203802738138,190.1926054475698,176.0540318597702,38.4435388886618,85.28747424250666
2024-07-31,122.55692382007706,184.3698144457485,165.774152219917,36.63401146262047,81.92755258830692
2024-08-01,123.51194743071535,183.5520939751804,162.92484861415443,36.83793334056437,82.4556739756601
2024-08-02,121.95741105444483,181.8773749250781,163.38283796109272,37.75583811405226,83.21206646592528
2024-08-03,122.84967955199807,179.1911529626671,166.55515761474453,37.633401034306715,84.2587414676735
2024-08-04,122.98232234546474,176.15208880055405,165.2206472580556,38.18669415138131,84.50199469741479
2024-08-05,122.9683258400103,174.7127602882527,165.23340436094713,38.35614671678514,85.59861334817693
2024-08-06,123.14678230535982,173.71633730659403,160.1649520387716,38.5310011297204,86.33204743665772
2024-08-07,121.16576667453228,173.53187471502113,157.07778080889403,38.93069010777006,87.0489071105834
2024-08-08,122.33589040590965,173.79867156740784,155.95448509645928,38.52779140524787,87.23022730527167
2024-08-09,120.81699428045933,175.50430532006848,156.67802382050516,37.96039258169642,87.00989663802055
2024-08-10,122.8520866827938,180.44414212774777,162.69768589751686,38.72888464037578,89.46750336293947
2024-08-11,123.4505094882953,178.8857297459587,164.3834570550863,39.128067721647454,90.06292453867447
2024-08-12,124.82339945907714,181.82916332041097,165.72136481126972,39.043021706579026,90.4724801959644
2024-08-13,124.93648016751108,177.48443434492646,167.27180064019646,38.96916379299192,89.62020344842131
2024-08-14,125.26928358035435,178.32673438855105,166.37712240711377,39.30126249168158,88.77281942929957
2024-08-15,124.03248103968556,177.97410180804354,166.2248211457864,39.37805237335179,89.66038332740862
2024-08-16,122.65383160464665,177.06687958359035,169.69630936820374,38.319087836315,87.3085311985247
2024-08-17,123.49430179290727,171.60399382304234,167.32081418566042,37.94311618773047,88.1846934787803
2024-08-18,122.93033203592579,172.7235302871876,168.51589655096677,37.87855400064676,87.52363935232519
2024-08-19,123.38236889103774,173.91050351855773,166.52753652088236,38.21078814886909,88.13766044947066
2024-08-20,122.24181795385223,171.00680470967026,163.955333745287,37.261799947094616,87.39259323961733
2024-08-21,123.76789412599587,170.47729805712171,164.302144718219,37.377315809453194,86.7421070604472
2024-08-22,125.10295722726545,168.86103963334273,163.54185292358218,38.012190159395146,86.25494764835156
2024-08-23,127.95104799155132,167.5829962032815,160.1505792200134,37.74167865370623,85.49835285796287
2024-08-24,127.61227872041455,169.28533916505876,159.17944803163735,37.32017209936726,83.32061416087923
2024-08-25,126.8997089947016,172.52802746258064,160.1149232135515,37.799038660191165,82.07074347092995
2024-08-26,125.60700634689847,176.99773274839734,162.95620696488828,37.79929132322228,81.64537448895238
2024-08-27,127.76257062680634,176.41402049233307,163.74181648732525,38.56029843386991,81.297736215094
2024-08-28,129.29537133674424,179.2085379690749,166.710600170766,38.41066388868643,81.17661699150685
2024-08-29,132.18194571438096,182.5620872688777,168.39616100468947,38.21550657728764,82.2767072894312
2024-08-30,136.00343918078326,180.24344806757497,169.28749753244753,39.291766332287224,83.58403123711025
2024-08-31,137.74766088890854,181.5959704324479,169.49427502598454,38.544374404419514,83.5258699756316
2024-09-01,136.33425088550203,182.1845039290967,168.89868224698117,38.56039226100373,83.16783095471627
2024-09-02,139.28267625695216,182.58645879658363,169.10096315577016,39.07261605219427,85.94852192716532
2024-09-03,141.13484923587075,185.97376574361377,170.5743740934519,39.011929782453045,86.8044156225381
2024-09-04,142.36695088082598,187.71038121954598,172.3399350271724,38.283765481622154,87.69129679204927
2024-09-05,144.7543435774713,184.7404284811069,171.0958823949502,37.85936449096251,85.62491492024714
2024-09-06,144.37742697871468,184.99157750481334,171.63398880999412,38.3376177389187,87.91683259488799
2024-09-07,143.6600378356435,184.18023246908115,169.6022458155774,38.474161091814004,87.3342287222616
2024-09-08,143.51883438936858,186.7732260104322,171.2212196659426,39.12822153447071,87.51746020372882
2024-09-09,141.64499620346015,184.88414103935128,167.42316113556754,39.794007356837184,88.7593411271575
2024-09-10,142.94440600576488,187.01360305307682,168.65044597953894,39.47974800279577,87.39987469768265
2024-09-11,140.47977365646216,187.15072351469118,166.65416709051834,38.077090535676845,85.07728689598682
2024-09-12,139.8530395024212,186.62225833269258,170.1377613982463,38.5291998659023,85.77533409349923
2024-09-13,140.4657990167025,182.5954586809151,169.39913658532888,38.55124156920486,83.92155855697224
2024-09-14,138.53931613830167,183.33679512987578,168.78362458445335,38.41747494720423,85.20239438448047
2024-09-15,142.2935429233674,179.73040866416568,169.4192704666943,38.32199781996694,84.70699839674953
2024-09-16,143.73382350337647,186.87452607848664,170.21547004272026,39.08544057302218,83.86106390214107
2024-09-17,144.03189145795244,186.56174794214738,170.05636417564384,39.36103333423757,82.62879639753622
2024-09-18,144.15211697924232,187.5027803252243,167.86542154729958,38.85484397522429,82.06993364972678
2024-09-19,143.25005960450775,184.21962947456348,163.06642779110814,38.107445479589295,81.83227463078008
2024-09-20,143.78264672547692,182.8347413125172,161.0784750713126,38.113641620731556,82.87436819607787
2024-09-21,143.45169797903287,179.71668241141722,160.75517934590138,37.919105366151115,80.83239285116474
2024-09-22,143.68148098151343,180.0266163873193,163.2782092894506,37.490262179414174,80.25671788107898
2024-09-23,142.4673695651892,185.49108027320958,162.6078065496101,37.04265334312949,80.35695671148363
2024-09-24,143.7298682432713,190.09689277703387,164.14813122036043,36.82132043603507,80.27281411170807
2024-09-25,146.46284264807235,193.85908951416766,164.9457683646905,37.5738118099971,83.30747709250045
2024-09-26,144.19348731161455,189.1001456471623,163.94052979265982,37.62754392725887,83.4159603176656
2024-09-27,142.04154177837228,188.19433774759324,162.6569577063019,37.114036318150035,83.14884503690098
2024-09-28,141.85548154266667,188.77662641461882,167.6089381963773,36.91446967740354,83.20279501875359
2024-09-29,145.01396480341802,195.23867704957635,171.09254645497646,37.756880104026706,84.66706649426716
2024-09-30,149.33619036651675,196.99066339435464,178.49849935405493,39.96424335822102,83.06817687965706
2024-10-01,148.67095429497166,197.89104509797497,180.19335520848145,39.97799084777823,81.08179357450156
2024-10-02,146.5636521522691,203.59163519858018,181.64679774193922,40.02646628718617,82.93080292287442
2024-10-03,142.1295177061579,202.99837454785475,183.48918479371414,40.36082489393602,82.00058892341019
2024-10-04,142.3430735348325,200.23638949343575,180.49721544207716,39.701995826177956,82.40978422931315
2024-10-05,139.2243195009027,199.35508017504748,182.3383743426298,39.483489746496815,80.4777109988772
2024-10-06,141.01772755207168,199.28381568411734,184.8182067344142,39.45172493797616,79.18610033150857
2024-10-07,138.25486962090937,199.9303425281354,186.19359648203923,39.39097002221237,78.46492851493885
2024-10-08,140.36056050487608,199.95570311874104,187.2644943748993,39.114131044671794,79.26543611981515
2024-10-09,142.7338412021997,199.78138811994003,186.1456242916533,39.161887359884645,79.48024902341525
2024-10-10,144.691746971771,202.33178723933295,186.89195183443078,39.80205728397362,80.5066673999
2024-10-11,145.294862375205,198.92462162438417,189.86237763787648,40.24749116801944,81.79082822925227
2024-10-12,146.1995918466086,200.3115175265577,190.29558317819593,40.94714356686527,82.47930369222634
2024-10-13,147.41894750167162,206.48170859651617,190.56609112915118,40.96690811155225,82.06655211326624
2024-10-14,145.10090225208307,202.96004471666356,188.68012471759386,40.698867512855514,81.13503938662436
2024-10-15,149.66552827097146,202.39973124030215,189.21452663694512,41.6363835497133,82.31256261487806
2024-10-16,149.99781508824742,208.10861357732426,188.00740125205246,41.9617323935693,81.31703978532686
2024-10-17,154.19897325693591,210.10500682235326,186.3999537912807,42.314986329693475,77.8175455215597
2024-10-18,155.65383318870545,213.36156680592165,185.78254798971895,41.97264548699311,77.33727629126555
2024-10-19,158.56668025298129,209.51862820608787,188.77246880833542,43.3083654128937,78.19282639453236
2024-10-20,160.03002649675827,209.38297651649913,189.907686857318,43.80456881018972,78.58470441293366
2024-10-21,161.30611716755902,213.13653897749066,189.00840772757223,43.66175058203682,80.85382320373402
2024-10-22,160.97498543897058,209.23040401180526,187.07853636399201,42.794988815276575,79.71867109181736
2024-10-23,159.92226905978157,202.95111508972437,183.83204890121254,41.806113180959656,79.40909543352721
2024-10-24,158.34665762012258,198.61652915398108,186.55079633905962,41.38847285430335,78.43975869465218
2024-10-25,158.06083248072989,196.10728453672377,187.7530098806776,42.80934903009591,79.29741335853588
2024-10-26,150.39373048495452,196.00401294615406,180.78561358002366,41.21212407788212,77.95785827291827
2024-10-27,154.44341224376723,199.19201804178653,184.14594579892508,41.08309888195455,79.13079635049226
2024-10-28,151.75927171972154,195.99134619409088,182.16960729765722,40.92978295015168,77.93857888587192
2024-10-29,157.68801539567812,202.01997977092387,181.70597455596985,42.28341312030793,76.96572593579475
2024-10-30,154.65864606972008,201.4961200782359,175.69670705026616,42.97139862717601,80.8975296405284
2024-10-31,154.38918051421533,199.81890533794433,175.94644160485487,42.13628441511684,80.88986851809302
2024-11-01,158.91276586844052,204.75348480164556,177.25317473153436,43.04225349563184,81.00375748160513
2024-11-02,154.9619932457015,201.2896288361658,173.3659489708536,42.49136557975422,80.04683424598565
2024-11-03,151.84214709678093,198.889785576213,174.61808533635386,42.365203031769646,78.89506320729977
2024-11-04,147.02770801191693,197.32546565677143,180.19951384751627,42.57814186280355,78.87523913753674
2024-11-05,149.98141427265992,201.55778150556188,182.94662368923107,43.041182181855476,79.70639152977108
2024-11-06,149.0431067780075,199.8899423076052,177.52301943503966,42.46044311553803,80.00539736253216
2024-11-07,150.112338658022,201.25369617322437,177.99587067830336,42.743069312108545,80.50026240566079
2024-11-08,147.81441823007873,191.54110159258556,172.26588457829297,42.380803012661325,82.11134587073192
2024-11-09,147.27581638109376,194.26861913845642,174.98690181273503,41.91300618319923,83.71499320920043
2024-11-10,146.13460631294686,201.28366668759384,175.07673908759804,43.11692975835148,83.03913754119006
2024-11-11,144.01009388146295,199.15662263874438,173.45484673540602,42.66956421714317,82.34873865005592
2024-11-12,140.1299316041891,205.02808949844206,180.29074415690573,44.26573526109693,84.69487596652608
2024-11-13,140.35307626326227,203.70080591143844,177.73189563190618,44.330062596591596,83.13598424664188
2024-11-14,142.26307654335767,192.87207243559726,172.38638419334535,46.00555844207306,83.66866987692273
2024-11-15,143.43929670512432,194.2985081316529,169.3794860131994,44.99357541022428,82.53166111862396
2024-11-16,141.3148427807998,193.69312650172444,166.15800944641694,44.26818213169175,81.06714779403904
2024-11-17,140.79165924306736,194.02281662510603,162.73483681045303,44.31408710531537,82.01193190399219
2024-11-18,142.47224792625858,194.95022267153016,163.42951649732623,44.959112384968556,82.04188915017843
2024-11-19,138.5331182630685,193.3486444223164,167.31153274851238,44.818514816344006,81.75501096659428
2024-11-20,138.90521465073616,196.22545847989974,165.38610863725037,45.65956684677135,80.36631538481004
2024-11-21,143.4163091694506,198.11606094151753,165.48674703912727,45.385718234171875,79.53051432183553
2024-11-22,142.2385300683819,194.9951498084601,167.19683469562892,45.291100869145275,81.0046031457213
2024-11-23,140.24963061632832,189.75248076704352,159.14330838630127,45.69353701701352,79.0982458143296
2024-11-24,141.6996682097316,195.45348641774837,163.93633006398122,44.84407524968245,79.40950637678245
2024-11-25,135.49973541824127,191.24035501211665,163.71403226155223,44.76064875808835,80.70676103451527
2024-11-26,134.74139085124148,192.90206366959492,162.28155377524257,43.862048312235665,78.98525203041693
2024-11-27,131.84482476942458,188.7028615006519,161.55302421146837,43.68238787512341,78.75779008270254
2024-11-28,131.00680266917158,190.02433710245725,161.6774087905745,43.606695350383525,81.2437020933806
2024-11-29,128.23046136832392,189.05764602377863,161.35767335002097,43.25836176063994,80.92252883919112
2024-11-30,127.3368897497124,193.1386207995007,157.7978516126729,42.89059829859828,79.41152573685132
2024-12-01,128.15205665522794,190.40917090907746,155.96181264140668,42.85097846344848,77.7953742501545
2024-12-02,127.24444417212715,184.0948422620825,152.7147416473585,41.632617742708135,77.55510481166054
2024-12-03,127.88542982972135,182.28189445502358,152.39508130369578,41.90241029614932,77.06689078580285
2024-12-04,128.46506944442064,183.49470716496353,155.3544969076019,41.763939400266196,76.51344334785935
2024-12-05,126.2252753641549,182.1302125140708,155.2054796856514,40.214888099670034,76.2220158919976
2024-12-06,128.4176452364725,181.3471661777455,155.24527472727507,40.94136135832028,78.04677697542812
2024-12-07,127.13957774073697,178.79765733804365,155.99258369474535,40.653776868316214,78.6630541593997
2024-12-08,125.87650649953451,180.1397382032953,157.52763588592322,41.94551686923428,81.24133608352676
2024-12-09,125.36358494090152,183.32268531741,156.47038617378615,42.54003563064527,83.53181913745323
2024-12-10,124.52569634879072,184.54853345269154,153.93293646727773,42.29894724196672,81.60292744518904
2024-12-11,125.61667472145787,183.84289527248703,154.06340368034492,42.506955976663185,81.08598175901962
2024-12-12,126.41769374198448,186.25813086373944,155.04241630219812,42.61042910898808,81.47064105889515
2024-12-13,126.9093364011995,185.5354235033897,151.79612814757795,42.318195076039416,81.37436207588344
2024-12-14,130.32889199460828,185.84086027492913,154.20106957898744,42.56162701260034,81.751925511779
2024-12-15,128.8681705957972,187.03128082446617,151.53678836934338,43.20956317564041,81.93587847007294
2024-12-16,128.62125649848792,194.01302777219175,149.37757112275906,44.843946261219095,82.54835313987519
2024-12-17,129.07764483768065,190.18381352095676,147.7759520662213,45.29794574680382,82.52980862643794
2024-12-18,129.84996090207414,185.8257205536127,143.83760076539556,44.01733701972209,81.18096493261345
2024-12-19,126.2802836911624,187.52664705480754,142.22711070011027,43.46941306606074,81.59828096486646
2024-12-20,125.85705157169933,188.24722873132228,143.87297559582854,44.628444898359234,83.34874019174056
2024-12-21,126.19374686914331,189.8350927458179,140.13041565482277,44.16614240001453,83.70722374965213
2024-12-22,123.8913241924985,187.73721715421902,138.60800695744808,43.95139234623612,82.29282664088862
2024-12-23,123.96252615143757,190.97935597733667,143.35188565042264,43.520275482322596,80.71602338370312
2024-12-24,125.12415779383218,191.379051536648,143.59898052896716,43.674669634098315,83.73511249343751
2024-12-25,128.53688179752132,192.42471024456955,140.75978249011277,43.79574848137901,84.02278190018504
2024-12-26,127.97375438871607,191.15729028516157,138.92641269877828,44.20231893698572,82.96726276692222
2024-12-27,124.48159172060538,175.03102311753352,130.27963549785895,40.55743642775425,80.44648789942917
2024-12-28,123.54257536505249,173.3183275692502,128.00488389116023,38.55292723612926,81.00428037113436
2024-12-29,121.72711517849997,176.40640610528396,124.48031009137249,38.20397091466145,81.37492666820003
2024-12-30,124.85517647837082,177.59366188357905,125.10184400413848,37.98159204190152,79.717226235053
2024-12-31,124.16488317082833,171.32271617947828,133.4784306021807,38.054358847401396,73.59118420661335
2025-01-01,126.54924967365817,175.44113886403932,135.67795653172718,38.815759322102465,76.72500405000987
2025-01-02,124.75970552737421,167.3317205946488,136.75176849609244,38.85035126986962,78.18367419360573
2025-01-03,127.6149783094648,170.361405193998,138.64137302810613,40.455411817196286,78.80378506150761
2025-01-04,131.33508997668267,172.82199487697343,140.1875418781119,40.18106767328978,77.6713216889626
2025-01-05,132.59013420333,169.83720903665954,139.36764814765624,41.16126468765619,77.64176109215828
2025-01-06,134.68882223747207,170.03240374068332,138.96079736133512,41.30340443739026,78.32633941818234
2025-01-07,134.47676002584726,172.3809163206553,140.12100911654912,41.37367715519043,78.81661094712027
2025-01-08,134.9096183144667,171.1749177888925,141.01575448444714,41.56170712635465,78.9575355764852
2025-01-09,134.84141827750372,174.77232038303956,142.54141836195896,41.194527493727165,78.20510830520969
2025-01-10,133.37663618822165,174.46448143067678,142.54052868798183,41.097848824156976,79.84311057375392
2025-01-11,133.69907272989008,172.2278227294842,141.44021523616658,41.71356446168276,80.24839814949114
2025-01-12,132.72745418174875,170.52127949272716,139.73045828456793,42.310508636314474,80.37013649733532
2025-01-13,132.60957857032602,168.43874190293846,137.7614237822203,42.514688671744146,79.5322438631199
2025-01-14,133.65647146599287,165.7964126177876,135.3880140328999,41.83974296536875,79.65456142959893
2025-01-15,132.9673167201102,166.39137257088294,134.6222691498402,42.150171465516,79.91360122977939
2025-01-16,130.80084727622406,164.41293874648505,131.68621880381747,40.889055705913485,80.2288463759178
2025-01-17,129.23997506517742,162.0502491996205,131.4826738775298,39.95305379593792,80.66544057904862
2025-01-18,128.23484101671758,160.96484021071078,131.01480992738294,39.449825857622564,80.24979075190831
2025-01-19,128.16417629773832,164.38634290614254,131.97582985782523,39.23072240655538,79.76784775615155
2025-01-20,129.33928102062612,166.20374561303507,133.83679624683424,39.631123872883336,80.56621189989008
2025-01-21,132.14832994123714,162.69924136368869,135.10588057345646,40.243887594460915,79.44101573266013
2025-01-22,130.43042992782296,163.77764339028582,133.12059236691212,40.19750236221658,78.79737861942708
2025-01-23,128.8272854374957,161.23332533109826,134.72234284383785,40.436190933207726,78.76516473942702
2025-01-24,129.7711720980033,164.94288797764037,135.43529861024646,40.5572666661486,78.21255935263028
2025-01-25,128.48568754701628,163.59527629980477,133.15468322927563,40.001491398042155,76.04500815172904
2025-01-26,129.5734658728325,169.20398320797926,134.16052363682587,40.34263678942671,76.67194696824167
2025-01-27,129.31421627971253,170.77101411611048,129.20998635370822,40.71560817803192,74.81275405065887
2025-01-28,129.3053043126206,168.3079348432693,128.27807996334948,41.46429650618587,73.41312765326994
2025-01-29,129.0616664013564,171.3091684785553,127.69608548463094,41.77231557459211,71.86363937002726
2025-01-30,129.27889091800895,168.87376664932847,126.96810245893359,41.40135552936045,73.37118818096444
2025-01-31,129.78716207518218,169.1996900670247,126.6571233411156,41.13259106619753,73.40853780844118
2025-02-01,131.8979824518782,167.348266801357,124.98418435331064,41.46148155177681,73.06824231323606
2025-02-02,134.04898684212105,169.6484630970658,127.06913645882771,41.027365465770686,74.97555251599701
2025-02-03,133.65461114456104,171.58150281589906,127.89051362962368,40.76959223899166,74.9287114599301
2025-02-04,136.33378000102311,169.76084919130764,128.1390718121157,41.2175509898289,77.35407252777715
2025-02-05,135.4267372735543,170.14793301551344,127.71982464671099,41.521035898362136,76.29097332291595
2025-02-06,134.4470172342421,171.7892898395857,127.96556688477781,41.98359052746601,77.31484658807165
2025-02-07,137.80258034777503,174.96248569338167,128.20023811587205,42.97681217739628,78.56154427270776
2025-02-08,139.2642153661516,175.03704478756387,129.55136911061533,42.8980123405865,79.06552658994602
2025-02-09,137.06778323909893,178.43005231923505,129.34185941257095,43.28358869929134,80.06986028224854
2025-02-10,134.51419265970083,176.9285555204191,128.87194487861882,42.38060093451632,77.564479542877
2025-02-11,136.83861056148476,174.89172715404368,129.83118594344648,43.13784034672746,78.74585671071283
2025-02-12,135.8664442100263,173.8797527850271,128.25712199579462,42.50595354591425,79.43429376117689
2025-02-13,130.93776736239352,171.55823707601,125.47537957525692,41.1801646663071,79.53880941238475
2025-02-14,132.34970939963577,172.44410910088894,123.44495137533558,41.23649102601124,81.24071926344372
2025-02-15,133.27209423565822,170.30983591626295,124.98691152838089,39.72294626461721,82.71657308280516
2025-02-16,131.55447628321085,167.29757516287333,123.91803285029847,39.66817557327417,82.37380946681655
2025-02-17,130.12312878004826,169.03569744169036,123.29281929832835,40.06955805092361,82.27376268864515
2025-02-18,133.02168588871317,168.75453734407566,123.56559496847936,41.45591390421078,84.6534754826526
2025-02-19,129.75215085657706,167.0203744935837,123.18058765365952,40.74302476243951,84.91102928696296
2025-02-20,128.66950892519512,168.57970670006569,121.20997453143525,40.28603395533116,82.54429568580026
2025-02-21,130.65417381542127,168.94755182428247,120.22846498950075,40.378343711207386,82.73190617168409
2025-02-22,135.54577747511755,172.50369756246567,119.90968678471496,39.33400083488038,81.07097746883115
2025-02-23,135.82501512172476,169.91745590377508,120.11235716939841,38.75480505942809,78.81388093229297
2025-02-24,133.47469766771437,172.8755534588749,121.61584612092277,39.77761606300389,79.878025388425
2025-02-25,132.64309940617434,171.70678757584236,123.32526129610956,39.796845966014615,80.47464152365353
2025-02-26,133.6503574839445,172.93525634796265,123.65108784594823,40.01922835546334,80.12328363629688
2025-02-27,134.91916315448168,172.20326149092338,122.00258142789859,40.63388141897792,82.12407328756484
2025-02-28,136.32667839603707,168.1911933057645,122.53206012293782,40.26967425598052,81.6857638097009
2025-03-01,133.64155906940204,168.62342553148193,122.14628995434119,39.382146628623246,79.1454253714518
2025-03-02,135.8777616644589,171.8587173776775,123.87805138044126,39.78386589789862,80.61491100186696
2025-03-03,136.5471097695294,169.92232313842436,125.46848815240983,40.38457208042499,80.13581326140849
2025-03-04,133.38304769359664,169.71094013376452,125.40047445549804,40.84174431375707,80.16005849699552
2025-03-05,130.74866672863735,166.01037952644222,121.89805171895924,40.34330294507784,78.94303928123608
2025-03-06,128.2007872431151,168.2663364124607,123.76283536280269,40.91454593217992,78.49795288692003
2025-03-07,128.8867933830795,164.92601827141286,120.04958694928283,41.613904766340134,77.84194028792442
2025-03-08,128.13596759494524,164.26176892169025,120.88747880095819,42.634681101185386,79.52029579131428
2025-03-09,126.30592266874764,166.26942004402844,115.73656297781692,43.10117021133105,80.38938439237486
2025-03-10,126.1267264043792,165.95337934404492,117.10969124639385,43.37134859559025,79.3022485185126
2025-03-11,124.93112908962974,170.40975699862074,118.57609442623146,43.93620609761056,78.7395726530187
2025-03-12,117.29730534279628,165.79151428821524,115.70877840379057,43.17850452461106,79.90865609175928
2025-03-13,116.17846617917908,164.47088824563727,116.48869801818091,42.65318063273109,79.78902883248722
2025-03-14,115.71368818575203,162.85434597805127,115.57026930273754,42.97941418754636,77.58611991986757
2025-03-15,118.86380671326846,161.47864913898357,119.11383807289064,43.36606136602899,77.540906692499
2025-03-16,119.69288569772435,160.47879873268386,119.95735363858786,44.44108058048228,78.99785348262324
2025-03-17,119.57064120912628,161.59775274447964,120.96550121023708,44.1871041385403,81.39997025064845
2025-03-18,120.75159752486312,161.21146599358116,119.63877782188338,43.998745833274484,81.2212253339163
2025-03-19,117.80277262167719,159.96448136846763,119.22781114608529,45.29032493092002,83.54899311128825
2025-03-20,117.36593186814184,159.83022250376385,119.61890124827956,44.92002195000026,83.64734647378187
2025-03-21,117.1361199701283,159.93205992737825,116.68552228731707,44.98823488496108,82.77826220966263
2025-03-22,116.78086334745738,162.43201878066628,116.4596305887985,45.22150548940326,84.45665401714757
2025-03-23,116.66523259151933,161.8403378323045,117.16390313775284,45.15596843101971,83.55019594805422
2025-03-24,118.95662041516943,162.56909763378994,116.42423674545307,45.732212290285496,83.61221698001684
2025-03-25,120.09299557917296,160.23121306258747,115.8360612388049,44.94701678796834,82.67043417793826
2025-03-26,120.03058903101487,157.12422318751322,115.82128798164742,45.62534264895865,82.92201673445399
2025-03-27,121.52031470574346,156.39941990869437,119.25297646338281,45.66149645939172,83.64888769879667
2025-03-28,120.24173661558963,157.68361993701942,120.38104485125399,46.213240966407945,86.07504624064892
2025-03-29,120.28630028259214,156.23965339688922,120.54755199067269,46.08888503003624,84.40907727796962
2025-03-30,119.7554202076119,155.28193835910835,119.19174826549973,45.448534785348926,83.34695101013122
2025-03-31,114.08396979250534,160.92600491173647,117.55828538157198,44.274882300826754,83.68653698400145
2025-04-01,114.19760969614646,160.5422747331539,117.89356027931893,44.3133851536276,83.48003146326019
2025-04-02,115.83485139680137,159.40805270979826,117.33097210392476,44.15501564800346,82.96779985369122
2025-04-03,116.00744626371663,160.65931172068593,114.42622942722521,43.74405688906391,82.2873520782659
2025-04-04,115.53419440866888,159.91848448663325,112.42652440422793,43.2411354578145,80.56247962164059
2025-04-05,112.61468547789947,157.97531916284797,110.35130158439642,42.63628097305093,80.00036818333004
2025-04-06,112.56165353430778,160.038235908395,111.3092660769242,42.7685378934524,79.45281469155289
2025-04-07,113.2861064395428,161.07983234723238,113.22057782734159,43.48246368681621,80.91980914809403
2025-04-08,113.38361854372066,162.20730908292194,114.88985026009023,43.74972140147004,82.03716628062799
2025-04-09,113.86139382597273,161.77537192884196,115.57076983230141,44.06622094514611,80.79371281658095
2025-04-10,116.32916003385593,163.37796551911774,115.25285928166406,46.401293251386676,82.40096112573363
2025-04-11,115.15432323818474,162.64584938571974,115.11635323804659,47.204461900515966,83.80115045090913
2025-04-12,115.96002239769324,166.2708084737165,116.3096332661663,46.69358778674327,84.79902471315266
2025-04-13,120.61935940249423,171.75404845944712,119.33362203477155,47.66747956918223,90.88955155350364
2025-04-14,122.66800707424669,177.3827806193534,124.91455726003126,48.6202463600393,90.8319681416597
2025-04-15,125.16494477493718,176.23126695320232,128.80571778115458,48.540127678291775,89.8874900665547
2025-04-16,123.04829556657872,175.9542953258342,127.81311649811082,47.57750455474009,87.23459164372294
2025-04-17,128.93748716357095,177.8608798000306,129.34863389463237,47.370674574242805,88.04676405724624
2025-04-18,129.53986889161223,177.61758091433754,129.17163374868156,47.9466709933633,89.15537349184564
2025-04-19,128.1467785098402,179.05995809215761,126.82019304034011,47.05621598889929,88.81528460570344
2025-04-20,131.57084533305903,183.32586145885574,119.80087754791067,45.90560955505947,86.69299694353266
2025-04-21,131.52190764370368,182.77960165922053,119.4560333413737,45.40888001535545,85.72245214731394
2025-04-22,129.43378399854876,179.82831768123103,119.76291586571953,45.27477519266321,84.86627644881669
2025-04-23,128.22898405252423,187.47698935993444,118.5079387362056,42.983657880882575,85.4030498921401
2025-04-24,128.73368076406487,187.631488272396,117.80916244829488,42.800710843182735,86.31162457907759
2025-04-25,129.92195808025656,188.66174768914578,117.56796100456867,43.05752807568952,85.9398868915203
2025-04-26,127.2891311940441,178.82930522683895,114.64386379920687,42.22059311801487,84.9934373272445
2025-04-27,127.27635099461351,175.12720890428912,112.36082837542598,40.94889136310953,85.27443698163837
2025-04-28,126.42729498973748,175.73132281373054,112.31719524228524,40.91361937703846,84.40281822950445
2025-04-29,127.09884751508918,173.37828500903902,112.94350386430072,40.68849019819289,82.95229162287252
2025-04-30,124.84214700600225,171.04376115601033,110.8104846957134,39.321293107825596,80.7226548102157
2025-05-01,127.38145874219335,177.06625510756987,110.19911275467416,40.26463114714412,82.0492971480544
2025-05-02,126.45488656586753,175.24983307338806,107.4804318547778,41.7850304599738,81.827638052822
2025-05-03,126.38154355981355,173.45159056218088,106.94039020743367,42.393533422035865,82.10418964132812
2025-05-04,127.12057865777403,176.71625640328284,107.71889062488765,41.910859038801505,81.0211238107938
2025-05-05,124.98213113354282,176.01879639642775,107.06604817981521,40.847430305328544,80.30390687478061
2025-05-06,123.919443877419,174.0245777991684,108.3932173860225,40.341236271528146,80.25090168160166
2025-05-07,122.50937541842647,180.63053647659706,108.5172381616369,40.43183339036424,81.6158140605577
2025-05-08,121.12961381789513,181.57411644849753,110.29274388480734,41.55748220746328,82.24584070841897
2025-05-09,122.0149120153289,184.38057276727324,111.40997008802361,42.90478304744038,82.73682324063661
2025-05-10,122.95292646762714,184.72468860701778,114.07612990514079,42.99368153086684,84.09151094695233
2025-05-11,122.81010160706674,187.32339723273023,111.16150347057925,43.009911471643804,84.94683180789157
2025-05-12,120.50244277222025,187.06121609953794,111.26075226315176,43.2076709128456,83.67310616865811
2025-05-13,119.47114916896713,184.44055703967325,113.26781217736632,42.72893214535785,84.0423426907953
2025-05-14,123.47289218789275,187.97477190145952,116.85319799272689,43.02456768349883,86.5395661508996
2025-05-15,125.66518050922981,190.11784899518238,115.25241787035765,43.29427516834726,84.3313088775669
2025-05-16,127.04352788747411,194.21909283057397,115.98009134062072,44.3192097220155,86.48160412029509
2025-05-17,125.85367173838463,196.74494975172414,114.29306758098801,44.29706685316571,84.98976857438568
2025-05-18,126.11662145374524,193.58540445306082,116.50853377602482,44.99661290468801,85.27039422684038
2025-05-19,123.9149040166993,195.51376768316447,114.49471893012857,46.76928697871673,85.64190333924941
2025-05-20,125.96120954946551,197.08131741262298,114.71106834199001,46.70217389437415,84.81718930984268
2025-05-21,125.73988482469841,198.30972070767533,114.14663617941878,46.99958068194232,85.54128531860859
2025-05-22,127.82527516317035,197.2003231285473,113.80847180720313,46.27608002197784,84.87732158828173
2025-05-23,132.40422314938465,203.0520196144569,115.54613738182,47.53652262472056,84.43539066727188
2025-05-24,137.53936126189836,205.04118975820015,115.8463448701735,48.03969860560419,84.52024865118543
2025-05-25,135.3027658756523,204.36077507273345,114.46212350720576,47.06006879894215,82.92509840402568
2025-05-26,135.7889440071407,205.50706656363752,114.42492739701191,47.30491825545564,84.37195099320245
2025-05-27,136.79256171917265,203.30440596398117,113.7642055252916,47.247898500902096,83.84302934726026
2025-05-28,138.68587765983193,207.940759213414,115.36020935873258,47.07519669261991,84.26206444175331
2025-05-29,143.31876975961953,204.61648091547707,114.63415734550767,46.76870311632642,87.22527120772682
2025-05-30,151.62217507392782,208.72069551254904,122.03203515700456,50.0863455309745,92.00439029971338
2025-05-31,153.29599862436615,208.9600817225749,121.38656710176433,48.73630377494485,91.61091989708706
2025-06-01,155.86975384191857,211.57388545311338,123.44453150601451,49.93900702761901,92.5587457604016
2025-06-02,152.53316128464434,216.6591905986251,124.79442043606676,50.64793535585485,91.8853865259524
2025-06-03,152.74628370123466,210.29084565173875,122.80600615567916,51.24863447811517,92.77759198743433
2025-06-04,151.61703395484653,212.31383316806284,122.24369242998243,50.362234891109686,90.32194334538272
2025-06-05,152.7526195054545,212.52244817363862,119.65772089426589,49.14814203509323,89.80691680481824
2025-06-06,148.5622373096032,204.87380635083233,114.53762312650716,48.34941449794446,87.19875019964269
2025-06-07,145.24433562240753,209.28324258627282,114.6401339011281,49.13857307195369,88.02348486555778
2025-06-08,148.3020776681026,210.88002718643958,118.22648279062253,49.271080390577445,86.57850098927982
2025-06-09,144.91329350852183,207.9494180745829,115.58817257187333,48.30933249887204,84.09477185276045
2025-06-10,147.89110550612463,210.32493516280456,115.51763902275421,49.4139384106636,84.84644709850879
2025-06-11,148.21754035919668,212.04624242286354,117.02161000181843,49.12222760650187,85.80388519048425
2025-06-12,148.2754122933481,215.58053354307725,118.84077501184602,50.595031421189994,86.08087371705506
2025-06-13,150.04885565175144,217.5330597867581,118.21248447434421,50.16369291347787,88.23697018644721
2025-06-14,147.15815426484863,215.23794279853865,114.49220506570805,48.701660032149924,87.98363158068469
2025-06-15,148.83358449159974,214.46009237778918,115.56102431362649,48.17784699235728,91.03359978640961
2025-06-16,148.5191406974739,217.31948186731324,116.24939391510952,48.691055474654306,90.33804415877707
2025-06-17,148.39133062080563,213.5164701444482,115.98368537487474,48.49357652590538,89.8480865605178
2025-06-18,151.03104700678048,209.84830858119082,115.41481291979592,50.0600304613178,89.13559903328475
2025-06-19,151.07775979604673,214.96862859536492,116.57465926471446,49.31802407411596,91.28157958762023
2025-06-20,149.75555541339514,218.25692094871323,116.91385661223435,50.59013650982527,92.30507078504748
2025-06-21,150.33123410859466,221.70608454357568,122.57919247263445,51.35893145101044,93.39143249897201
2025-06-22,149.33040644739742,213.40035628754242,121.36010730538126,49.03111512356797,86.25931310238762
2025-06-23,150.99823999646924,215.92430417333412,122.81137379493133,50.24330945985898,86.29694500482414
